Workbook

Sheet Load Sched
B1: 400V
B3: AMPERE | G3: MULTI | H3: AMPERE TRIP | L3: KW
B4: L1 | C4: L2 | D4: L3 | E4: 3 PHASE | H4: 1 PHASE | I4: 3 PHASE | J4: OVERALL | L4: 1 PHASE | N4: 3 PHASE | P4: OVERALL
A6: 1 | C6: 32.91 | G6: 1.25 | H6: =MAX(B6:D6)*G6 -> 41.1375 | I6: =E6*G6 -> 0 | J6: =IF((H6+I6=0),"-",(MAX(B6:D6)+E6)*G6) -> 41.1375 | L6: =SUM(B6:D6)*0.23 -> 7.5693 | N6: =E6*0.4*1.732 -> 0 | P6: =IF(L6+N6=0,"-",L6+(E6*0.4*1.732)) -> 7.5693
A7: 2 | G7: 1.25 | H7: =MAX(B7:D7)*G7 -> 0 | I7: =E7*G7 -> 0 | J7: =IF((H7+I7=0),"-",(MAX(B7:D7)+E7)*G7) -> - | L7: =SUM(B7:D7)*0.23 -> 0 | N7: =E7*0.4*1.732 -> 0 | P7: =IF(L7+N7=0,"-",L7+(E7*0.4*1.732)) -> -
S8: 1 PHASE | W8: 3 PHASE | Y8: CONNECTED DF
A9: 3 | G9: 1.25 | H9: =MAX(B9:D9)*G9 -> 0 | I9: =E9*G9 -> 0 | J9: =IF((H9+I9=0),"-",(MAX(B9:D9)+E9)*G9) -> - | L9: =SUM(B9:D9)*0.23 -> 0 | N9: =E9*0.4*1.732 -> 0 | P9: =IF(L9+N9=0,"-",L9+(E9*0.4*1.732)) -> - | Z9: 0.8 | AB9: =$S$14*Z9 -> 6.05544
A10: 4 | G10: 1.25 | H10: =MAX(B10:D10)*G10 -> 0 | I10: =E10*G10 -> 0 | J10: =IF((H10+I10=0),"-",(MAX(B10:D10)+E10)*G10) -> - | L10: =SUM(B10:D10)*0.23 -> 0 | N10: =E10*0.4*1.732 -> 0 | P10: =IF(L10+N10=0,"-",L10+(E10*0.4*1.732)) -> - | R10: KVA | S10: =B54*0.23 -> 0 | T10: =C54*0.23 -> 7.5693 | U10: =D54*0.23 -> 0 | W10: =E54*0.4*1.732 -> 0 | Z10: 0.7 | AB10: =$S$14*Z10 -> 5.29851
Z11: 0.6 | AB11: =$S$14*Z11 -> 4.54158
A12: 5 | G12: 1.25 | H12: =MAX(B12:D12)*G12 -> 0 | I12: =E12*G12 -> 0 | J12: =IF((H12+I12=0),"-",(MAX(B12:D12)+E12)*G12) -> - | L12: =SUM(B12:D12)*0.23 -> 0 | N12: =E12*0.4*1.732 -> 0 | P12: =IF(L12+N12=0,"-",L12+(E12*0.4*1.732)) -> - | R12: TOTAL KVA | S12: =SUM(S10:U10) -> 7.5693 | W12: =W10 -> 0 | Z12: 0.52 | AB12: =$S$14*Z12 -> 3.936036
A13: 6 | G13: 1.25 | H13: =MAX(B13:D13)*G13 -> 0 | I13: =E13*G13 -> 0 | J13: =IF((H13+I13=0),"-",(MAX(B13:D13)+E13)*G13) -> - | L13: =SUM(B13:D13)*0.23 -> 0 | N13: =E13*0.4*1.732 -> 0 | P13: =IF(L13+N13=0,"-",L13+(E13*0.4*1.732)) -> - | Z13: 0.48 | AB13: =$S$14*Z13 -> 3.633264
R14: OVERALL KVA | S14: =SUM(S10:U10) +W10 -> 7.5693 | Z14: 0.29 | AB14: =$S$14*Z14 -> 2.195097
A15: 7 | G15: 1.25 | H15: =MAX(B15:D15)*G15 -> 0 | I15: =E15*G15 -> 0 | J15: =IF((H15+I15=0),"-",(MAX(B15:D15)+E15)*G15) -> - | L15: =SUM(B15:D15)*0.23 -> 0 | N15: =E15*0.4*1.732 -> 0 | P15: =IF(L15+N15=0,"-",L15+(E15*0.4*1.732)) -> - | Z15: 0.2 | AB15: =$S$14*Z15 -> 1.51386
A16: 8 | G16: 1.25 | H16: =MAX(B16:D16)*G16 -> 0 | I16: =E16*G16 -> 0 | J16: =IF((H16+I16=0),"-",(MAX(B16:D16)+E16)*G16) -> - | L16: =SUM(B16:D16)*0.23 -> 0 | N16: =E16*0.4*1.732 -> 0 | P16: =IF(L16+N16=0,"-",L16+(E16*0.4*1.732)) -> -
Y17: TEST | Z17: 0.8 | AB17: =AA17*Z17 -> 0
A18: 9 | G18: 1.25 | H18: =MAX(B18:D18)*G18 -> 0 | I18: =E18*G18 -> 0 | J18: =IF((H18+I18=0),"-",(MAX(B18:D18)+E18)*G18) -> - | L18: =SUM(B18:D18)*0.23 -> 0 | N18: =E18*0.4*1.732 -> 0 | P18: =IF(L18+N18=0,"-",L18+(E18*0.4*1.732)) -> - | Z18: 0.7 | AB18: =AA18*Z18 -> 0
A19: 10 | G19: 1.25 | H19: =MAX(B19:D19)*G19 -> 0 | I19: =E19*G19 -> 0 | J19: =IF((H19+I19=0),"-",(MAX(B19:D19)+E19)*G19) -> - | L19: =SUM(B19:D19)*0.23 -> 0 | N19: =E19*0.4*1.732 -> 0 | P19: =IF(L19+N19=0,"-",L19+(E19*0.4*1.732)) -> - | R19: TOTAL AT COMPUTATION | Z19: 0.6 | AB19: =AA19*Z19 -> 0
T20: 1 PHASE | U20: 3 PHASE | Z20: 0.5 | AB20: =AA20*Z20 -> 0
A21: 11 | G21: 1.25 | H21: =MAX(B21:D21)*G21 -> 0 | I21: =E21*G21 -> 0 | J21: =IF((H21+I21=0),"-",(MAX(B21:D21)+E21)*G21) -> - | L21: =SUM(B21:D21)*0.23 -> 0 | N21: =E21*0.4*1.732 -> 0 | P21: =IF(L21+N21=0,"-",L21+(E21*0.4*1.732)) -> - | Z21: 0.4 | AB21: =AA21*Z21 -> 0
A22: 12 | G22: 1.25 | H22: =MAX(B22:D22)*G22 -> 0 | I22: =E22*G22 -> 0 | J22: =IF((H22+I22=0),"-",(MAX(B22:D22)+E22)*G22) -> - | L22: =SUM(B22:D22)*0.23 -> 0 | N22: =E22*0.4*1.732 -> 0 | P22: =IF(L22+N22=0,"-",L22+(E22*0.4*1.732)) -> - | R22: AMPERE | T22: =MAX(B54:D54) -> 32.91 | U22: =E54 -> 0 | Z22: 0.3 | AB22: =AA22*Z22 -> 0
A24: 13 | G24: 1.25 | H24: =MAX(B24:D24)*G24 -> 0 | I24: =E24*G24 -> 0 | J24: =IF((H24+I24=0),"-",(MAX(B24:D24)+E24)*G24) -> - | L24: =SUM(B24:D24)*0.23 -> 0 | N24: =E24*0.4*1.732 -> 0 | P24: =IF(L24+N24=0,"-",L24+(E24*0.4*1.732)) -> - | R24: TOTAL AMPERE | T24: =T22+U22 -> 32.91
A25: 14 | G25: 1.25 | H25: =MAX(B25:D25)*G25 -> 0 | I25: =E25*G25 -> 0 | J25: =IF((H25+I25=0),"-",(MAX(B25:D25)+E25)*G25) -> - | L25: =SUM(B25:D25)*0.23 -> 0 | N25: =E25*0.4*1.732 -> 0 | P25: =IF(L25+N25=0,"-",L25+(E25*0.4*1.732)) -> -
R26: MAINS AT | T26: =T24*1.25 -> 41.1375 | Y26: MAINS AT x DF
A27: 15 | G27: 1.25 | H27: =MAX(B27:D27)*G27 -> 0 | I27: =E27*G27 -> 0 | J27: =IF((H27+I27=0),"-",(MAX(B27:D27)+E27)*G27) -> - | L27: =SUM(B27:D27)*0.23 -> 0 | N27: =E27*0.4*1.732 -> 0 | P27: =IF(L27+N27=0,"-",L27+(E27*0.4*1.732)) -> - | Z27: 0.8 | AB27: =$T$26*Z27 -> 32.91
A28: 16 | G28: 1.25 | H28: =MAX(B28:D28)*G28 -> 0 | I28: =E28*G28 -> 0 | J28: =IF((H28+I28=0),"-",(MAX(B28:D28)+E28)*G28) -> - | L28: =SUM(B28:D28)*0.23 -> 0 | N28: =E28*0.4*1.732 -> 0 | P28: =IF(L28+N28=0,"-",L28+(E28*0.4*1.732)) -> - | Z28: 0.7 | AB28: =$T$26*Z28 -> 28.79625
Z29: 0.6 | AB29: =$T$26*Z29 -> 24.6825
A30: 17 | G30: 1.25 | H30: =MAX(B30:D30)*G30 -> 0 | I30: =E30*G30 -> 0 | J30: =IF((H30+I30=0),"-",(MAX(B30:D30)+E30)*G30) -> - | L30: =SUM(B30:D30)*0.23 -> 0 | N30: =E30*0.4*1.732 -> 0 | P30: =IF(L30+N30=0,"-",L30+(E30*0.4*1.732)) -> - | Z30: 0.48 | AB30: =$T$26*Z30 -> 19.746
A31: 18 | G31: 1.25 | H31: =MAX(B31:D31)*G31 -> 0 | I31: =E31*G31 -> 0 | J31: =IF((H31+I31=0),"-",(MAX(B31:D31)+E31)*G31) -> - | L31: =SUM(B31:D31)*0.23 -> 0 | N31: =E31*0.4*1.732 -> 0 | P31: =IF(L31+N31=0,"-",L31+(E31*0.4*1.732)) -> - | R31: AT COMPUTATION | Z31: 3 | AB31: =$T$26*Z31 -> 123.4125
S32: SAFETY | T32: AMP | U32: AT | Z32: 0.25 | AB32: =$T$26*Z32 -> 10.284375
A33: 19 | G33: 1.25 | H33: =MAX(B33:D33)*G33 -> 0 | I33: =E33*G33 -> 0 | J33: =IF((H33+I33=0),"-",(MAX(B33:D33)+E33)*G33) -> - | L33: =SUM(B33:D33)*0.23 -> 0 | N33: =E33*0.4*1.732 -> 0 | P33: =IF(L33+N33=0,"-",L33+(E33*0.4*1.732)) -> - | Y33: for units | Z33: 0.23 | AB33: =$T$26*Z33 -> 9.461625
A34: 20 | G34: 1.25 | H34: =MAX(B34:D34)*G34 -> 0 | I34: =E34*G34 -> 0 | J34: =IF((H34+I34=0),"-",(MAX(B34:D34)+E34)*G34) -> - | L34: =SUM(B34:D34)*0.23 -> 0 | N34: =E34*0.4*1.732 -> 0 | P34: =IF(L34+N34=0,"-",L34+(E34*0.4*1.732)) -> - | R34: NORMAL LOAD | S34: 1.25 | U34: =T34*S34 -> 0
R35: 1 PHASE ACCU | S35: 2.25 | U35: =T35*S35 -> 0 | Y35: TEST | Z35: 0.8 | AB35: =AA35*Z35*1.25 -> 0
A36: 21 | G36: 1.25 | H36: =MAX(B36:D36)*G36 -> 0 | I36: =E36*G36 -> 0 | J36: =IF((H36+I36=0),"-",(MAX(B36:D36)+E36)*G36) -> - | L36: =SUM(B36:D36)*0.23 -> 0 | N36: =E36*0.4*1.732 -> 0 | P36: =IF(L36+N36=0,"-",L36+(E36*0.4*1.732)) -> - | R36: WATER HEATER | S36: 1.5 | U36: =T36*S36 -> 0 | Z36: 0.7 | AB36: =AA36*Z36*1.25 -> 0
A37: 22 | G37: 1.25 | H37: =MAX(B37:D37)*G37 -> 0 | I37: =E37*G37 -> 0 | J37: =IF((H37+I37=0),"-",(MAX(B37:D37)+E37)*G37) -> - | L37: =SUM(B37:D37)*0.23 -> 0 | N37: =E37*0.4*1.732 -> 0 | P37: =IF(L37+N37=0,"-",L37+(E37*0.4*1.732)) -> - | R37: EV CHARGER | S37: 1.4 | U37: =T37*S37 -> 0 | Z37: 0.6 | AB37: =AA37*Z37*1.25 -> 0
R38: 1PHASE MOTOR | S38: 2.5 | U38: =T38*S38 -> 0 | Z38: 0.5 | AB38: =AA38*Z38*1.25 -> 0
A39: 23 | G39: 1.25 | H39: =MAX(B39:D39)*G39 -> 0 | I39: =E39*G39 -> 0 | J39: =IF((H39+I39=0),"-",(MAX(B39:D39)+E39)*G39) -> - | L39: =SUM(B39:D39)*0.23 -> 0 | N39: =E39*0.4*1.732 -> 0 | P39: =IF(L39+N39=0,"-",L39+(E39*0.4*1.732)) -> - | Z39: 0.4 | AB39: =AA39*Z39*1.25 -> 0
A40: 24 | G40: 1.25 | H40: =MAX(B40:D40)*G40 -> 0 | I40: =E40*G40 -> 0 | J40: =IF((H40+I40=0),"-",(MAX(B40:D40)+E40)*G40) -> - | L40: =SUM(B40:D40)*0.23 -> 0 | N40: =E40*0.4*1.732 -> 0 | P40: =IF(L40+N40=0,"-",L40+(E40*0.4*1.732)) -> - | Z40: 0.3 | AB40: =AA40*Z40*1.25 -> 0
A42: 25 | G42: 1.25 | H42: =MAX(B42:D42)*G42 -> 0 | I42: =E42*G42 -> 0 | J42: =IF((H42+I42=0),"-",(MAX(B42:D42)+E42)*G42) -> - | L42: =SUM(B42:D42)*0.23 -> 0 | N42: =E42*0.4*1.732 -> 0 | P42: =IF(L42+N42=0,"-",L42+(E42*0.4*1.732)) -> -
A43: 26 | G43: 1.25 | H43: =MAX(B43:D43)*G43 -> 0 | I43: =E43*G43 -> 0 | J43: =IF((H43+I43=0),"-",(MAX(B43:D43)+E43)*G43) -> - | L43: =SUM(B43:D43)*0.23 -> 0 | N43: =E43*0.4*1.732 -> 0 | P43: =IF(L43+N43=0,"-",L43+(E43*0.4*1.732)) -> -
A45: 27 | G45: 1.25 | H45: =MAX(B45:D45)*G45 -> 0 | I45: =E45*G45 -> 0 | J45: =IF((H45+I45=0),"-",(MAX(B45:D45)+E45)*G45) -> - | L45: =SUM(B45:D45)*0.23 -> 0 | N45: =E45*0.4*1.732 -> 0 | P45: =IF(L45+N45=0,"-",L45+(E45*0.4*1.732)) -> -
A46: 28 | G46: 1.25 | H46: =MAX(B46:D46)*G46 -> 0 | I46: =E46*G46 -> 0 | J46: =IF((H46+I46=0),"-",(MAX(B46:D46)+E46)*G46) -> - | L46: =SUM(B46:D46)*0.23 -> 0 | N46: =E46*0.4*1.732 -> 0 | P46: =IF(L46+N46=0,"-",L46+(E46*0.4*1.732)) -> -
A48: 29 | G48: 1.25 | H48: =MAX(B48:D48)*G48 -> 0 | I48: =E48*G48 -> 0 | J48: =IF((H48+I48=0),"-",(MAX(B48:D48)+E48)*G48) -> - | L48: =SUM(B48:D48)*0.23 -> 0 | N48: =E48*0.4*1.732 -> 0 | P48: =IF(L48+N48=0,"-",L48+(E48*0.4*1.732)) -> -
A49: 30 | G49: 1.25 | H49: =MAX(B49:D49)*G49 -> 0 | I49: =E49*G49 -> 0 | J49: =IF((H49+I49=0),"-",(MAX(B49:D49)+E49)*G49) -> - | L49: =SUM(B49:D49)*0.23 -> 0 | N49: =E49*0.4*1.732 -> 0 | P49: =IF(L49+N49=0,"-",L49+(E49*0.4*1.732)) -> -
B54: =SUM(B6:B52) -> 0 | C54: =SUM(C6:C52) -> 32.91 | D54: =SUM(D6:D52) -> 0 | E54: =SUM(E5:E49) -> 0 | G54: 1.25 | H54: =MAX(B54:D54)*G54 -> 41.1375 | I54: =E54*G54 -> 0 | J54: =(MAX(B54:D54)+E54)*G54 -> 41.1375 | L54: =SUM(L5:L50) -> 7.5693 | N54: =SUM(N5:N50) -> 0 | P54: =SUM(P5:P50) -> 7.5693
B58: 400V (KW TO AMP)
B60: KW | G60: AMPERE | L60: MULTI | M60: AMPERE TRIP
B61: 1 PHASE | C61: 3 PHASE | D61: OVERALL | G61: L1 | H61: L2 | I61: L3 | J61: 3 PHASE | M61: 1 PHASE | N61: 3 PHASE | O61: OVERALL
A63: 1 | C63: 300 | D63: =IF(B63+C63=0,"-",B63+C63) -> 300 | G63: =B63/0.23 -> 0 | J63: =C63/(0.4*1.732) -> 433.0254 | L63: 1.25 | M63: =G63*L63 -> 0 | N63: =J63*L63 -> 541.28176 | O63: =IF((M63+N63=0),"-",(M63+N63)) -> 541.28176
A64: 2 | D64: =IF(B64+C64=0,"-",B64+C64) -> - | G64: =B64/0.23 -> 0 | J64: =C64/(0.4*1.732) -> 0 | L64: 1.25 | M64: =G64*L64 -> 0 | N64: =J64*L64 -> 0 | O64: =IF((M64+N64=0),"-",(M64+N64)) -> - | S64: 1 PHASE | W64: 3 PHASE | Y64: CONNECTED DF
Z65: 0.8 | AB65: =$S$70*Z65 -> 240
A66: 3 | D66: =IF(B66+C66=0,"-",B66+C66) -> - | H66: =B66/0.23 -> 0 | J66: =C66/(0.4*1.732) -> 0 | L66: 1.25 | M66: =H66*L66 -> 0 | N66: =J66*L66 -> 0 | O66: =IF((M66+N66=0),"-",(M66+N66)) -> - | R66: KVA | S66: =G111*0.23 -> 0 | T66: =H111*0.23 -> 0 | U66: =I111*0.23 -> 0 | W66: =J111*0.4*1.732 -> 300 | Z66: 0.7 | AB66: =$S$70*Z66 -> 210
A67: 4 | D67: =IF(B67+C67=0,"-",B67+C67) -> - | H67: =B67/0.23 -> 0 | J67: =C67/(0.4*1.732) -> 0 | L67: 1.25 | M67: =H67*L67 -> 0 | N67: =J67*L67 -> 0 | O67: =IF((M67+N67=0),"-",(M67+N67)) -> - | Z67: 0.6 | AB67: =$S$70*Z67 -> 180
R68: TOTAL KVA | S68: =SUM(S66:U66) -> 0 | W68: =W66 -> 300 | Z68: 0.5 | AB68: =$S$70*Z68 -> 150
A69: 5 | D69: =IF(B69+C69=0,"-",B69+C69) -> - | I69: =B69/0.23 -> 0 | J69: =C69/(0.4*1.732) -> 0 | L69: 1.25 | M69: =I69*L69 -> 0 | N69: =J69*L69 -> 0 | O69: =IF((M69+N69=0),"-",(M69+N69)) -> - | Z69: 0.4 | AB69: =$S$70*Z69 -> 120
A70: 6 | D70: =IF(B70+C70=0,"-",B70+C70) -> - | I70: =B70/0.23 -> 0 | J70: =C70/(0.4*1.732) -> 0 | L70: 1.25 | M70: =I70*L70 -> 0 | N70: =J70*L70 -> 0 | O70: =IF((M70+N70=0),"-",(M70+N70)) -> - | R70: OVERALL KVA | S70: =SUM(S66:U66) +W66 -> 300 | Z70: 0.38 | AB70: =$S$70*Z70 -> 114
A72: 7 | D72: =IF(B72+C72=0,"-",B72+C72) -> - | G72: =B72/0.23 -> 0 | J72: =C72/(0.4*1.732) -> 0 | L72: 1.25 | M72: =G72*L72 -> 0 | N72: =J72*L72 -> 0 | O72: =IF((M72+N72=0),"-",(M72+N72)) -> -
A73: 8 | D73: =IF(B73+C73=0,"-",B73+C73) -> - | G73: =B73/0.23 -> 0 | J73: =C73/(0.4*1.732) -> 0 | L73: 1.25 | M73: =G73*L73 -> 0 | N73: =J73*L73 -> 0 | O73: =IF((M73+N73=0),"-",(M73+N73)) -> - | Y73: TEST | Z73: 0.8 | AB73: =AA73*Z73 -> 0
Z74: 0.7 | AB74: =AA74*Z74 -> 0
A75: 9 | D75: =IF(B75+C75=0,"-",B75+C75) -> - | H75: =B75/0.23 -> 0 | J75: =C75/(0.4*1.732) -> 0 | L75: 1.25 | M75: =H75*L75 -> 0 | N75: =J75*L75 -> 0 | O75: =IF((M75+N75=0),"-",(M75+N75)) -> - | R75: TOTAL AT COMPUTATION | Z75: 0.6 | AB75: =AA75*Z75 -> 0
A76: 10 | D76: =IF(B76+C76=0,"-",B76+C76) -> - | H76: =B76/0.23 -> 0 | J76: =C76/(0.4*1.732) -> 0 | L76: 1.25 | M76: =H76*L76 -> 0 | N76: =J76*L76 -> 0 | O76: =IF((M76+N76=0),"-",(M76+N76)) -> - | T76: 1 PHASE | U76: 3 PHASE | Z76: 0.5 | AB76: =AA76*Z76 -> 0
Z77: 0.4 | AB77: =AA77*Z77 -> 0
A78: 11 | D78: =IF(B78+C78=0,"-",B78+C78) -> - | I78: =B78/0.23 -> 0 | J78: =C78/(0.4*1.732) -> 0 | L78: 1.25 | M78: =I78*L78 -> 0 | N78: =J78*L78 -> 0 | O78: =IF((M78+N78=0),"-",(M78+N78)) -> - | R78: AMPERE | T78: =MAX(G111:I111) -> 0 | U78: =J111 -> 433.0254 | Z78: 0.3 | AB78: =AA78*Z78 -> 0
A79: 12 | D79: =IF(B79+C79=0,"-",B79+C79) -> - | I79: =B79/0.23 -> 0 | J79: =C79/(0.4*1.732) -> 0 | L79: 1.25 | M79: =I79*L79 -> 0 | N79: =J79*L79 -> 0 | O79: =IF((M79+N79=0),"-",(M79+N79)) -> -
R80: TOTAL AMPERE | T80: =T78+U78 -> 433.0254
A81: 13 | D81: =IF(B81+C81=0,"-",B81+C81) -> - | G81: =B81/0.23 -> 0 | J81: =C81/(0.4*1.732) -> 0 | L81: 1.25 | M81: =G81*L81 -> 0 | N81: =J81*L81 -> 0 | O81: =IF((M81+N81=0),"-",(M81+N81)) -> -
A82: 14 | D82: =IF(B82+C82=0,"-",B82+C82) -> - | G82: =B82/0.23 -> 0 | J82: =C82/(0.4*1.732) -> 0 | L82: 1.25 | M82: =G82*L82 -> 0 | N82: =J82*L82 -> 0 | O82: =IF((M82+N82=0),"-",(M82+N82)) -> - | R82: MAINS AT | T82: =T80*1.25 -> 541.28176 | Y82: MAINS AT x DF
Z83: 0.8 | AB83: =$T$82*Z83 -> 433.0254
A84: 15 | D84: =IF(B84+C84=0,"-",B84+C84) -> - | H84: =B84/0.23 -> 0 | J84: =C84/(0.4*1.732) -> 0 | L84: 1.25 | M84: =H84*L84 -> 0 | N84: =J84*L84 -> 0 | O84: =IF((M84+N84=0),"-",(M84+N84)) -> - | Z84: 0.7 | AB84: =$T$82*Z84 -> 378.89723
A85: 16 | D85: =IF(B85+C85=0,"-",B85+C85) -> - | H85: =B85/0.23 -> 0 | J85: =C85/(0.4*1.732) -> 0 | L85: 1.25 | M85: =H85*L85 -> 0 | N85: =J85*L85 -> 0 | O85: =IF((M85+N85=0),"-",(M85+N85)) -> - | Z85: 0.65 | AB85: =$T$82*Z85 -> 351.83314
Z86: 0.5 | AB86: =$T$82*Z86 -> 270.64088
A87: 17 | D87: =IF(B87+C87=0,"-",B87+C87) -> - | I87: =B87/0.23 -> 0 | J87: =C87/(0.4*1.732) -> 0 | L87: 1.25 | M87: =I87*L87 -> 0 | N87: =J87*L87 -> 0 | O87: =IF((M87+N87=0),"-",(M87+N87)) -> - | R87: AT COMPUTATION | Z87: 0.4 | AB87: =$T$82*Z87 -> 216.5127
A88: 18 | D88: =IF(B88+C88=0,"-",B88+C88) -> - | I88: =B88/0.23 -> 0 | J88: =C88/(0.4*1.732) -> 0 | L88: 1.25 | M88: =I88*L88 -> 0 | N88: =J88*L88 -> 0 | O88: =IF((M88+N88=0),"-",(M88+N88)) -> - | S88: SAFETY | T88: AMP | U88: AT | Z88: 0.38 | AB88: =$T$82*Z88 -> 205.68707
Y89: for units | Z89: 0.2 | AB89: =$T$82*Z89 -> 108.25635
A90: 19 | D90: =IF(B90+C90=0,"-",B90+C90) -> - | G90: =B90/0.23 -> 0 | J90: =C90/(0.4*1.732) -> 0 | L90: 1.25 | M90: =G90*L90 -> 0 | N90: =J90*L90 -> 0 | O90: =IF((M90+N90=0),"-",(M90+N90)) -> - | R90: NORMAL LOAD | S90: 1.25 | T90: 22.37 | U90: =T90*S90 -> 27.9625
A91: 20 | D91: =IF(B91+C91=0,"-",B91+C91) -> - | G91: =B91/0.23 -> 0 | J91: =C91/(0.4*1.732) -> 0 | L91: 1.25 | M91: =G91*L91 -> 0 | N91: =J91*L91 -> 0 | O91: =IF((M91+N91=0),"-",(M91+N91)) -> - | R91: 1 PHASE ACCU | S91: 2.25 | T91: 12 | U91: =T91*S91 -> 27 | Y91: TEST | Z91: 0.8 | AB91: =AA91*Z91 -> 0
R92: WATER HEATER | S92: 2 | U92: =T92*S92 -> 0 | Z92: 0.7 | AB92: =AA92*Z92 -> 0
A93: 21 | D93: =IF(B93+C93=0,"-",B93+C93) -> - | H93: =B93/0.23 -> 0 | J93: =C93/(0.4*1.732) -> 0 | L93: 1.25 | M93: =H93*L93 -> 0 | N93: =J93*L93 -> 0 | O93: =IF((M93+N93=0),"-",(M93+N93)) -> - | R93: EV CHARGER | S93: 1.5 | U93: =T93*S93 -> 0 | Z93: 0.6 | AB93: =AA93*Z93 -> 0
A94: 22 | D94: =IF(B94+C94=0,"-",B94+C94) -> - | H94: =B94/0.23 -> 0 | J94: =C94/(0.4*1.732) -> 0 | L94: 1.25 | M94: =H94*L94 -> 0 | N94: =J94*L94 -> 0 | O94: =IF((M94+N94=0),"-",(M94+N94)) -> - | Z94: 0.5 | AB94: =AA94*Z94 -> 0
Z95: 0.4 | AB95: =AA95*Z95 -> 0
A96: 23 | D96: =IF(B96+C96=0,"-",B96+C96) -> - | I96: =B96/0.23 -> 0 | J96: =C96/(0.4*1.732) -> 0 | L96: 1.25 | M96: =I96*L96 -> 0 | N96: =J96*L96 -> 0 | O96: =IF((M96+N96=0),"-",(M96+N96)) -> - | Z96: 0.3 | AB96: =AA96*Z96 -> 0
A97: 24 | D97: =IF(B97+C97=0,"-",B97+C97) -> - | I97: =B97/0.23 -> 0 | J97: =C97/(0.4*1.732) -> 0 | L97: 1.25 | M97: =I97*L97 -> 0 | N97: =J97*L97 -> 0 | O97: =IF((M97+N97=0),"-",(M97+N97)) -> -
A99: 25 | D99: =IF(B99+C99=0,"-",B99+C99) -> - | G99: =B99/0.23 -> 0 | J99: =C99/(0.4*1.732) -> 0 | L99: 1.25 | M99: =G99*L99 -> 0 | N99: =J99*L99 -> 0 | O99: =IF((M99+N99=0),"-",(M99+N99)) -> -
A100: 26 | D100: =IF(B100+C100=0,"-",B100+C100) -> - | G100: =B100/0.23 -> 0 | J100: =C100/(0.4*1.732) -> 0 | L100: 1.25 | M100: =G100*L100 -> 0 | N100: =J100*L100 -> 0 | O100: =IF((M100+N100=0),"-",(M100+N100)) -> -
A102: 27 | D102: =IF(B102+C102=0,"-",B102+C102) -> - | H102: =B102/0.23 -> 0 | J102: =C102/(0.4*1.732) -> 0 | L102: 1.25 | M102: =H102*L102 -> 0 | N102: =J102*L102 -> 0 | O102: =IF((M102+N102=0),"-",(M102+N102)) -> -
A103: 28 | D103: =IF(B103+C103=0,"-",B103+C103) -> - | H103: =B103/0.23 -> 0 | J103: =C103/(0.4*1.732) -> 0 | L103: 1.25 | M103: =H103*L103 -> 0 | N103: =J103*L103 -> 0 | O103: =IF((M103+N103=0),"-",(M103+N103)) -> -
A105: 29 | D105: =IF(B105+C105=0,"-",B105+C105) -> - | I105: =B105/0.23 -> 0 | J105: =C105/(0.4*1.732) -> 0 | L105: 1.25 | M105: =I105*L105 -> 0 | N105: =J105*L105 -> 0 | O105: =IF((M105+N105=0),"-",(M105+N105)) -> -
A106: 30 | D106: =IF(B106+C106=0,"-",B106+C106) -> - | I106: =B106/0.23 -> 0 | J106: =C106/(0.4*1.732) -> 0 | L106: 1.25 | M106: =I106*L106 -> 0 | N106: =J106*L106 -> 0 | O106: =IF((M106+N106=0),"-",(M106+N106)) -> -
B111: =SUM(B63:B106) -> 0 | C111: =SUM(C63:C106) -> 300 | D111: =B111+C111 -> 300 | G111: =SUM(G62:G106) -> 0 | H111: =SUM(H62:H106) -> 0 | I111: =SUM(I62:I106) -> 0 | J111: =SUM(J62:J106) -> 433.0254 | L111: 1.25 | M111: =MAX(G111:I111)*L111 -> 0 | N111: =J111*L111 -> 541.28176 | O111: =(MAX(G111:I111)+J111)*L111 -> 541.28176
B117: 230V
B119: AMPERE | G119: MULTI | H119: AMPERE TRIP | L119: KW
B120: L1 | C120: L2 | D120: L3 | E120: 3 PHASE | H120: 1 PHASE | I120: 3 PHASE | J120: OVERALL | L120: 1 PHASE | N120: 3 PHASE | P120: OVERALL
A122: 1 | E122: 200 | G122: 1.25 | H122: =MAX(B122:D122)*G122 -> 0 | I122: =E122*G122 -> 250 | J122: =IF((H122+I122=0),"-",((MAX(B122:D122)*1.732)+E122)*G122) -> 250 | L122: =SUM(B122:D122)*0.23 -> 0 | N122: =E122*0.23*1.732 -> 79.672 | P122: =IF(L122+N122=0,"-",L122+(E122*0.23*1.732)) -> 79.672
A123: 2 | G123: 1.25 | H123: =MAX(B123:D123)*G123 -> 0 | I123: =E123*G123 -> 0 | J123: =IF((H123+I123=0),"-",((MAX(B123:D123)*1.732)+E123)*G123) -> - | L123: =SUM(B123:D123)*0.23 -> 0 | N123: =E123*0.23*1.732 -> 0 | P123: =IF(L123+N123=0,"-",L123+(E123*0.23*1.732)) -> -
S124: 1 PHASE | W124: 3 PHASE | Y124: CONNECTED DF
A125: 3 | G125: 1.25 | H125: =MAX(B125:D125)*G125 -> 0 | I125: =E125*G125 -> 0 | J125: =IF((H125+I125=0),"-",((MAX(B125:D125)*1.732)+E125)*G125) -> - | L125: =SUM(B125:D125)*0.23 -> 0 | N125: =E125*0.23*1.732 -> 0 | P125: =IF(L125+N125=0,"-",L125+(E125*0.23*1.732)) -> - | Z125: 0.8 | AB125: =$S$130*Z125 -> 63.7376
A126: 4 | G126: 1.25 | H126: =MAX(B126:D126)*G126 -> 0 | I126: =E126*G126 -> 0 | J126: =IF((H126+I126=0),"-",((MAX(B126:D126)*1.732)+E126)*G126) -> - | L126: =SUM(B126:D126)*0.23 -> 0 | N126: =E126*0.23*1.732 -> 0 | P126: =IF(L126+N126=0,"-",L126+(E126*0.23*1.732)) -> - | R126: KVA | S126: =B170*0.23 -> 0 | T126: =C170*0.23 -> 0 | U126: =D170*0.23 -> 0 | W126: =E170*0.23*1.732 -> 79.672 | Z126: 0.7 | AB126: =$S$130*Z126 -> 55.7704
Z127: 0.6 | AB127: =$S$130*Z127 -> 47.8032
A128: 5 | G128: 1.25 | H128: =MAX(B128:D128)*G128 -> 0 | I128: =E128*G128 -> 0 | J128: =IF((H128+I128=0),"-",((MAX(B128:D128)*1.732)+E128)*G128) -> - | L128: =SUM(B128:D128)*0.23 -> 0 | N128: =E128*0.23*1.732 -> 0 | P128: =IF(L128+N128=0,"-",L128+(E128*0.23*1.732)) -> - | R128: TOTAL KVA | S128: =SUM(S126:U126) -> 0 | W128: =W126 -> 79.672 | Z128: 0.5 | AB128: =$S$130*Z128 -> 39.836
A129: 6 | G129: 1.25 | H129: =MAX(B129:D129)*G129 -> 0 | I129: =E129*G129 -> 0 | J129: =IF((H129+I129=0),"-",((MAX(B129:D129)*1.732)+E129)*G129) -> - | L129: =SUM(B129:D129)*0.23 -> 0 | N129: =E129*0.23*1.732 -> 0 | P129: =IF(L129+N129=0,"-",L129+(E129*0.23*1.732)) -> - | Z129: 0.4 | AB129: =$S$130*Z129 -> 31.8688
R130: OVERALL KVA | S130: =SUM(S126:U126) +W126 -> 79.672 | Z130: 0.29 | AB130: =$S$130*Z130 -> 23.10488
...

Sheet Other Computation
B2: # OUTLETS | C2: VA | D2: VA | E2: AMPERES | F2: # OUTLETS | H2: *SUBJECT TO CHANGE* | Y2: KVA ASSUMPTION | AA2: VA/SQM | AC2: SQM | AE2: KVA
H3: FCU RATING | M3: INTERPOLATE
B4: 1 | C4: 180 | D4: 0.18 | E4: =C4/230 -> 0.7826087 | F4: 1 | Y4: REGULAR OFFICE | AA4: 100 | AC4: 119.36 | AE4: =AA4*AC4/1000 -> 11.936
B5: 2 | C5: 360 | D5: 0.36 | E5: =C5/230 -> 1.5652174 | F5: 2 | H5: NAME | I5: WATT | J5: HP | K5: AMPERES | M5: X | N5: X1 | O5: Y1 | P5: X2 | Q5: Y2 | R5: Y | Y5: BPO | AA5: 125 | AC5: 37.5 | AE5: =AA5*AC5/1000 -> 4.6875
B6: 3 | C6: 540 | D6: 0.54 | E6: =C6/230 -> 2.3478261 | F6: 3 | Y6: OFFICE + SHOWROOM | AA6: 125 | AC6: 119.36 | AE6: =AA6*AC6/1000 -> 14.92
B7: 4 | C7: 720 | D7: 0.72 | E7: =C7/230 -> 3.1304348 | F7: 4 | M7: 9 | N7: 7.5 | O7: 14 | P7: 10 | Q7: 18 | R7: =O7+(((M7-N7)*(Q7-O7))/(P7-N7)) -> 16.4 | Y7: LOBBY | AA7: 75 | AC7: 14.21 | AE7: =AA7*AC7/1000 -> 1.06575
B8: 5 | C8: 900 | D8: 0.9 | E8: =C8/230 -> 3.9130435 | F8: 5 | Y8: TOILET/T&B | AA8: 20 | AC8: 4.41 | AE8: =AA8*AC8/1000 -> 0.0882
B9: 6 | C9: 1080 | D9: 1.08 | E9: =C9/230 -> 4.6956522 | F9: 6 | Y9: EE ROOM | AA9: 30 | AC9: 28.08 | AE9: =AA9*AC9/1000 -> 0.8424
B10: 7 | C10: 1260 | D10: 1.26 | E10: =C10/230 -> 5.4782609 | F10: 7 | Y10: RETAIL | AA10: 400 | AC10: 119.36 | AE10: =AA10*AC10/1000 -> 47.744
B11: 8 | C11: 1440 | D11: 1.44 | E11: =C11/230 -> 6.2608696 | F11: 8 | M11: MOTOR KW TO HP | Y11: KITCHEN | AA11: 400 | AC11: 7.3 | AE11: =AA11*AC11/1000 -> 2.92
B12: 9 | C12: 1620 | D12: 1.62 | E12: =C12/230 -> 7.0434783 | F12: 9 | Y12: RENTABLE SPACE | AA12: 125 | AC12: 235 | AE12: =AA12*AC12/1000 -> 29.375
B13: 10 | C13: 1800 | D13: 1.8 | E13: =C13/230 -> 7.826087 | F13: 10 | M13: KW | O13: HP | Y13: ROOFDECK | AA13: 20 | AC13: 103 | AE13: =AA13*AC13/1000 -> 2.06
B14: 11 | C14: 1980 | D14: 1.98 | E14: =C14/230 -> 8.6086957 | F14: 11 | Y14: PRRKING | AA14: 15 | AC14: 939.41 | AE14: =AA14*AC14/1000 -> 14.09115
B15: 12 | C15: 2160 | D15: 2.16 | E15: =C15/230 -> 9.3913043 | F15: 12 | M15: 2.66 | O15: =M15/0.746 -> 3.5656836 | Y15: STORAGE | AA15: 15 | AC15: 39.81 | AE15: =AA15*AC15/1000 -> 0.59715
Y16: DINING AREA | AA16: 75 | AC16: 5.49 | AE16: =AA16*AC16/1000 -> 0.41175
Y17: LOUNGE | AA17: 75 | AC17: 111.58 | AE17: =AA17*AC17/1000 -> 8.3685
Y18: BANK | AA18: 100 | AE18: =AA18*AC18/1000 -> 0
M19: INCHES TO MILLIMETER | Q19: FEET TO METER | Y19: RETAIL(DRY) | AA19: 250 | AC19: 119.36 | AE19: =AA19*AC19/1000 -> 29.84
M21: in | O21: mm | Q21: ft | S21: m
M23: 0.5 | O23: =M23*25.4 -> 12.7 | Q23: 0.5 | S23: =Q23/3.281 -> 0.15239256
Y25: STUDIO | AA25: 2 | AE25: =AA25*AC25/1000 -> 0
Y26: ONE BED | AA26: 3 | AE26: =AA26*AC26/1000 -> 0
M27: MILLIMETER TO INCHES | Q27: METER TO FEET | Y27: 2 BED | AA27: 4 | AE27: =AA27*AC27/1000 -> 0
Y28: 3 BED | AA28: 5 | AE28: =AA28*AC28/1000 -> 0
M29: mm | O29: in | Q29: m | S29: ft | Y29: 4 BED | AA29: 6 | AE29: =AA29*AC29/1000 -> 0
M31: 25 | O31: =M31/25.4 -> 0.98425197 | Q31: 38 | S31: =Q31*3.281 -> 124.678
B38: 230V | C38: 1 PHASE | Y38: INTERPOLATE (1PHASE, 230V)
D39: 1/10 | E39: 1/8 | F39: 1/6 | G39: 1/4 | H39: 1/3 | I39: 1/2 | J39: 3/4 | K39: 1 | L39: 1 1/2 | Y39: X | Z39: X1 | AA39: Y1 | AB39: X2 | AC39: Y2 | AD39: Y | AF39: AT(x2.25) | AG39: AT(x2.50)
B40: HP | D40: 0.1 | E40: 0.125 | F40: 0.16666667 | G40: 0.25 | H40: 0.33333333 | I40: 0.5 | J40: 0.75 | K40: 1 | L40: 1.5 | M40: 2 | N40: 3 | O40: 5 | P40: 7.5 | Q40: 10 | R40: 15 | S40: 20 | T40: 25 | U40: 30 | V40: 40 | W40: 50
B41: AMPERE | D41: 1.5 | E41: 1.9 | F41: 2.2 | G41: 2.9 | H41: 3.6 | I41: 4.9 | J41: 6.9 | K41: 8 | L41: 10 | M41: 12 | N41: 17 | O41: 28 | P41: 40 | Q41: 50 | R41: 68 | S41: 88 | T41: 110 | U41: 136 | V41: 176 | W41: 216 | Y41: 3.5 | Z41: {=MAX(IF(D40:W40<Y41, D40:W40))} -> 3 | AA41: =HLOOKUP(Z41,D40:W41,2, FALSE) -> 17 | AB41: {=MIN(IF(D40:W40>Y41, D40:W40))} -> 5 | AC41: =HLOOKUP(AB41,D40:W41,2, FALSE) -> 28 | AD41: =AA41+(((Y41-Z41)*(AC41-AA41))/(AB41-Z41)) -> 19.75 | AF41: =AD41*2.25 -> 44.4375 | AG41: =AD41*2.5 -> 49.375
B44: 230V | C44: 3PHASE | Y44: INTERPOLATE (3PHASE, 230V)
B45: HP | D45: 0.5 | E45: 1 | F45: 1.5 | G45: 2 | H45: 3 | I45: 5 | J45: 7.5 | K45: 10 | L45: 15 | M45: 20 | N45: 25 | O45: 30 | P45: 40 | Q45: 50 | R45: 60 | S45: 75 | T45: 100 | U45: 125 | V45: 150 | W45: 200 | Y45: X | Z45: X1 | AA45: Y1 | AB45: X2 | AC45: Y2 | AD45: Y | AF45: AT
B46: AMPERE | D46: 2.2 | E46: 4.2 | F46: 6 | G46: 6.8 | H46: 9.6 | I46: 15.2 | J46: 22 | K46: 28 | L46: 42 | M46: 54 | N46: 68 | O46: 80 | P46: 104 | Q46: 130 | R46: 154 | S46: 192 | T46: 248 | U46: 312 | V46: 360 | W46: 480
B47: AT | D47: 15 | E47: 15 | F47: 15 | G47: 20 | H47: 20 | I47: 30 | J47: 50 | K47: 60 | L47: 100 | M47: 100 | N47: 100 | O47: 125 | P47: 150 | Q47: 200 | R47: 225 | S47: 250 | T47: 350 | U47: 500 | V47: 600 | W47: 800 | Y47: 0.75 | Z47: {=MAX(IF(D45:W45<Y47,D45:W45))} -> 0.5 | AA47: =HLOOKUP(Z47,D45:W46,2, FALSE) -> 2.2 | AB47: {=MIN(IF(D45:W45>Y47,D45:W45))} -> 1 | AC47: =HLOOKUP(AB47,D45:W46,2, FALSE) -> 4.2 | AD47: =AA47+(((Y47-Z47)*(AC47-AA47))/(AB47-Z47)) -> 3.2 | AF47: =HLOOKUP(AC47, D46:U47, 2, FALSE) -> 15
B50: 400V | C50: 3PHASE | Y50: INTERPOLATE (3PHASE, 400V)
B51: HP | D51: 0.5 | E51: 1 | F51: 1.5 | G51: 2 | H51: 3 | I51: 5 | J51: 7.5 | K51: 10 | L51: 15 | M51: 20 | N51: 25 | O51: 30 | P51: 40 | Q51: 50 | R51: 60 | S51: 75 | T51: 100 | U51: 125 | V51: 150 | W51: 200 | Y51: X | Z51: X1 | AA51: Y1 | AB51: X2 | AC51: Y2 | AD51: Y | AF51: AT
B52: AMPERE | D52: 1.3 | E52: 2.3 | F52: 3.3 | G52: 4.3 | H52: 6.1 | I52: 9.7 | J52: 14 | K52: 18 | L52: 27 | M52: 34 | N52: 44 | O52: 51 | P52: 66 | Q52: 83 | R52: 103 | S52: 128 | T52: 165 | U52: 208 | V52: 240 | W52: 320
B53: AT | D53: 15 | E53: 15 | F53: 20 | G53: 20 | H53: 20 | I53: 20 | J53: 30 | K53: 40 | L53: 60 | M53: 70 | N53: 100 | O53: 100 | P53: 100 | Q53: 125 | R53: 150 | S53: 200 | T53: 250 | U53: 300 | V53: 350 | W53: 500 | Y53: 68 | Z53: {=MAX(IF(D51:W51<Y53,D51:W51))} -> 60 | AA53: =HLOOKUP(Z53,D51:W52,2, FALSE) -> 103 | AB53: {=MIN(IF(D51:W51>Y53,D51:W51))} -> 75 | AC53: =HLOOKUP(AB53,D51:W52,2, FALSE) -> 128 | AD53: =AA53+(((Y53-Z53)*(AC53-AA53))/(AB53-Z53)) -> 116.33333 | AF53: =HLOOKUP(AC53, D52:W53, 2,FALSE ) -> 200
B57: PIPE W/ LOCKNUT APPROX DIMENSION
B58: PIPE | C58: 15 | D58: 20 | E58: 25 | F58: 32 | G58: 50 | H58: 65 | I58: 80 | J58: 90 | K58: 100 | L58: 110
B59: LOCKNUT | C59: 25 | D59: 35 | E59: 40 | F59: 55 | G59: 75 | H59: 95 | I59: 110 | J59: 125 | K59: 134 | L59: 150
B63: PULLBOX COMPUTATION | K63: 2ND LAYER PULLBOX COMPUTATION | T63: IF 2 LAYERS (mm) | Y63: BUSBAR AMPACITY COMPUTATION (INCHES)
B65: Conduit Size | C65: w/ Locknut | D65: No. Conduit | E65: Conduit Ref | F65: Total Dia | G65: Length | H65: Width | I65: Depth | K65: Conduit Size | L65: w/ Locknut | M65: No. Conduit | N65: Conduit Ref | O65: Total Dia | P65: Length | Q65: Width | R65: Depth | T65: Length | U65: Width | V65: Depth | Y65: THICKNESS | Z65: WIDTH | AA65: PLY | AB65: AMPACITY
B66: 15 | C66: 25 | D66: 0 | E66: =IF(D66>0, B66, 0) -> 0 | F66: =C66*D66 -> 0 | I66: =IF(D66>0,C66, 0) -> 0 | K66: 15 | L66: 25 | M66: 0 | N66: =IF(M66>0, K66, 0) -> 0 | O66: =L66*M66 -> 0 | R66: =IF(M66>0,L66, 0) -> 0
B67: 20 | C67: 35 | D67: 0 | E67: =IF(D67>0, B67, 0) -> 0 | F67: =C67*D67 -> 0 | I67: =IF(D67>0,C67, 0) -> 0 | K67: 20 | L67: 35 | M67: 0 | N67: =IF(M67>0, K67, 0) -> 0 | O67: =L67*M67 -> 0 | R67: =IF(M67>0,L67, 0) -> 0 | T67: =MAX(P76,G76) -> 0 | U67: =MAX(H76,Q76) -> 0 | V67: =IF(R76=0, I76, I76+R76-200+125) -> 0 | Y67: 0.25 | Z67: 2 | AA67: 1 | AB67: =Y67*Z67*AA67*1000 -> 500
B68: 25 | C68: 40 | D68: 0 | E68: =IF(D68>0, B68, 0) -> 0 | F68: =C68*D68 -> 0 | I68: =IF(D68>0,C68, 0) -> 0 | K68: 25 | L68: 40 | M68: 0 | N68: =IF(M68>0, K68, 0) -> 0 | O68: =L68*M68 -> 0 | R68: =IF(M68>0,L68, 0) -> 0
B69: 32 | C69: 55 | D69: 0 | E69: =IF(D69>0, B69, 0) -> 0 | F69: =C69*D69 -> 0 | I69: =IF(D69>0,C69, 0) -> 0 | K69: 32 | L69: 55 | M69: 0 | N69: =IF(M69>0, K69, 0) -> 0 | O69: =L69*M69 -> 0 | R69: =IF(M69>0,L69, 0) -> 0 | T69: INCHES
B70: 50 | C70: 75 | D70: 0 | E70: =IF(D70>0, B70, 0) -> 0 | F70: =C70*D70 -> 0 | I70: =IF(D70>0,C70, 0) -> 0 | K70: 50 | L70: 75 | M70: 0 | N70: =IF(M70>0, K70, 0) -> 0 | O70: =L70*M70 -> 0 | R70: =IF(M70>0,L70, 0) -> 0 | Y70: BUSBAR AMPACITY COMPUTATION (mm)
B71: 65 | C71: 90 | D71: 0 | E71: =IF(D71>0, B71, 0) -> 0 | F71: =C71*D71 -> 0 | I71: =IF(D71>0,C71, 0) -> 0 | K71: 65 | L71: 90 | M71: 0 | N71: =IF(M71>0, K71, 0) -> 0 | O71: =L71*M71 -> 0 | R71: =IF(M71>0,L71, 0) -> 0 | T71: =T67/25.4 -> 0 | U71: =U67/25.4 -> 0 | V71: =V67/25.4 -> 0
B72: 80 | C72: 110 | D72: 0 | E72: =IF(D72>0, B72, 0) -> 0 | F72: =C72*D72 -> 0 | I72: =IF(D72>0,C72, 0) -> 0 | K72: 80 | L72: 110 | M72: 0 | N72: =IF(M72>0, K72, 0) -> 0 | O72: =L72*M72 -> 0 | R72: =IF(M72>0,L72, 0) -> 0 | Y72: THICKNESS | Z72: WIDTH | AA72: PLY | AB72: AMPACITY
B73: 90 | C73: 120 | D73: 0 | E73: =IF(D73>0, B73, 0) -> 0 | F73: =C73*D73 -> 0 | I73: =IF(D73>0,C73, 0) -> 0 | K73: 90 | L73: 120 | M73: 0 | N73: =IF(M73>0, K73, 0) -> 0 | O73: =L73*M73 -> 0 | R73: =IF(M73>0,L73, 0) -> 0
B74: 100 | C74: 135 | D74: 0 | E74: =IF(D74>0, B74, 0) -> 0 | F74: =C74*D74 -> 0 | I74: =IF(D74>0,C74, 0) -> 0 | K74: 100 | L74: 135 | M74: 0 | N74: =IF(M74>0, K74, 0) -> 0 | O74: =L74*M74 -> 0 | R74: =IF(M74>0,L74, 0) -> 0 | Y74: 3.175 | Z74: 12.7 | AA74: 1 | AB74: =Y74*Z74*AA74*1.55 -> 62.499875
B75: 110 | C75: 150 | D75: 0 | E75: =IF(D75>0, B75, 0) -> 0 | F75: =C75*D75 -> 0 | I75: =IF(D75>0,C75, 0) -> 0 | K75: 110 | L75: 150
D76: =SUM(D66:D75) -> 0 | G76: =MAX(E66:E74)*8 -> 0 | H76: =IF( SUM(F66:F74)=0, 0, SUM(F66:F74)+((D76-1)*25)+100) -> 0 | I76: =IF( MAX(F66:F74)=0, 0, MAX(I66:I74)+100) -> 0 | M76: =SUM(M66:M75) -> 0 | P76: =MAX(N66:N74)*8 -> 0 | Q76: =IF( SUM(O66:O74)=0, 0, SUM(O66:O74)+((M76-1)*25)+100) -> 0 | R76: =IF(MAX(O66:O74)=0,0,MAX(R66:R74)+100) -> 0
G78: INCHES | P78: INCHES
G80: =G76/25.4 -> 0 | H80: =H76/25.4 -> 0 | I80: =I76/25.4 -> 0 | P80: =P76/25.4 -> 0 | Q80: =Q76/25.4 -> 0 | R80: =R76/25.4 -> 0
B84: CABLE TRAY COMPUTATION | K84: PERCENT FILL COMPUTATION | S84: Circle | V84: AWG to mm²
K85: CONDUIT
B86: FIRE-RATED CABLE | K86: Wires | N86: Conduit | S86: Area | T86: Diameter | V86: AWG | W86: mm² | X86: mm dia
B87: Single Core | K87: Wire Dia | L87: # of Wires | M87: Area | N87: Diameter | O87: Area | P87: %Fill | S87: 100 | T87: =SQRT((4*S87)/PI()) -> 11.283792 | W87: =IF(COUNTIF('Table Reference'!B37:B66, V87) > 0, VLOOKUP(V87, 'Table Reference'!B37:D66, 2,FALSE), "-") -> - | X87: =IF(COUNTIF('Table Reference'!C37:C42, W87) > 0, VLOOKUP(W87, 'Table Reference'!C37:D66, 2,FALSE), "-") -> -
B88: Size (sq.mm) | C88: Approx Dia. | D88: No. of Sets | E88: Diameter | F88: CHECK | G88: Width | H88: Depth
B89: 50 | C89: 14.8 | D89: 0 | E89: =IF(D89>0, C89, "-") -> - | F89: =IF(D89>0, 1, 0) -> 0 | K89: 27.9 | L89: 6 | M89: =((K89^2)*PI()/4)*L89 -> 3668.1707 | N89: 110 | O89: =(N89^2)*PI()/4 -> 9503.3178 | P89: =IF(O89<1,"-",M89/O89*100) -> 38.598843 | Q89: =IF(IF(L89>3, 40, VLOOKUP(L89, K92:N94, 4,FALSE))>=P89,"PASS","FAIL") -> PASS
B90: 70 | C90: 17 | D90: 0 | E90: =IF(D90>0, C90, "-") -> - | F90: =IF(D90>0, 1, 0) -> 0
B91: 95 | C91: 18.7 | D91: 0 | E91: =IF(D91>0, C91, "-") -> - | F91: =IF(D91>0, 1, 0) -> 0 | K91: MINIMUM PERCENT FILL
B92: 120 | C92: 20.6 | D92: 0 | E92: =IF(D92>0, C92, "-") -> - | F92: =IF(D92>0, 1, 0) -> 0 | K92: 1 | L92: WIRE | N92: 53
B93: 150 | C93: 23.1 | D93: 0 | E93: =IF(D93>0, C93, "-") -> - | F93: =IF(D93>0, 1, 0) -> 0 | K93: 2 | L93: WIRES | N93: 31
B94: 185 | C94: 25.2 | D94: 0 | E94: =IF(D94>0, C94, "-") -> - | F94: =IF(D94>0, 1, 0) -> 0 | K94: 3 | L94: OR MORE | N94: 40
B95: 240 | C95: 27.9 | D95: 3 | E95: =IF(D95>0, C95, "-") -> 27.9 | F95: =IF(D95>0, 1, 0) -> 1
D96: =SUM(D89:D95) -> 3 | E96: =IF(SUM(E89:E95)>0,SUM(E89:E95),"-") -> 27.9 | F96: =IF(SUM(F89:F95)>1, 0, E96) -> 27.9 | G96: =IF(D96>0,(2*(F96)*D96) + (2.15*(F96)*(D96+1)), "-") -> 407.34 | H96: 150
B98: PERCENT FILL COMPUTATION
B99: CABLE TRAY
B100: Wires
B101: Wire Dia | C101: # of Wires | D101: Ground Dia | E101: Area | F101: Width | G101: Height | H101: Area | I101: %Fill | J101: Status
B103: 27.9 | C103: 16 | E103: =(((B103^2)*PI()/4)*C103)+((D103^2)*PI()/4) -> 9781.7885 | F103: 300 | G103: 150 | H103: =F103*G103 -> 45000 | I103: =IF(H103<=0,"-",(E103/H103)*100) -> 21.737308 | J103: =IF(I103<=20, "PASS", "FAIL") -> FAIL

Sheet Wiring Code
B2: LOAD SCHEDULE WIRING CODE
B3: AT | C3: CODE | D3: FEEDER WIRES AND CONDUIT SIZE | E3: CONDUIT (mmØ)
B5: 1 PHASE: 2-WIRE + GROUND | E5: IMC/EMT | F5: PVC | H5: SIZE | J5: OUTSIDE DIAMETER (mm) | M5: INSIDE DIAMETER (mm)
B6: 20 | C6: W0 | D6: 3#2.0 mmØ THHN/THWN in 15mmØ INSIDE DIAMETER CONDUIT | H6: mm | I6: in | J6: PVC SCH 40 | K6: IMC | L6: EMT | M6: PVC SCH 40 | N6: IMC | O6: EMT
B7: 30 | C7: W1 | D7: 2#5.5 sq.mm THHN/THWN and 1#2.0 mmØ THNN/THWN in 20mmØ INSIDE DIAMETER CONDUIT | H7: 15 | I7: 0.5 | J7: 21.336 | K7: 20.7 | L7: 17.93 | M7: 15.2908 | N7: 17.12 | O7: 15.89
B8: 40 | C8: W2 | D8: 2#8.0 sq.mm THHM/THWN and 1#5.5 sq.mm THNN/THWN in 20mmØ INSIDE DIAMETER CONDUIT | H8: 20 | I8: 0.75 | J8: 26.67 | K8: 26.14 | L8: 23.42 | M8: 20.4216 | N8: 22.34 | O8: 21.06
B9: 50/60 | C9: W3 | D9: 2#14 sq.mm THHN/THWN and 1#8.0 sq.mm THHN/THWN in 25mmØ INSIDE DIAMETER CONDUIT | H9: 25 | I9: 1 | J9: 33.401 | K9: 33.27 | L9: 29.54 | M9: 26.1366 | N9: 28.95 | O9: 26.8
B10: 70/80 | C10: W4 | D10: 2#22 sq.mm THHN/THWN and 1#8.0 sq.mm THHN/THWN in 32mmØ INSIDE DIAMETER CONDUIT | H10: 32 | I10: 1.25 | J10: 42.164 | K10: 41.59 | L10: 38.35 | M10: 34.544 | N10: 37.01 | O10: 35.21
B11: 100 | C11: W5 | D11: 2#30 sq.mm THHN/THWN and 1#8.0 sq.mm THNN/THWN in 32mmØ INSIDE DIAMETER CONDUIT | H11: 40 | I11: 1.5 | J11: 48.26 | K11: 47.81 | L11: 44.2 | M11: 40.386 | N11: 42.99 | O11: 41.06
B12: 125 | C12: W6 | D12: 2#50 sq.mm THHN/THWN and 1#14 sq.mm THNN/THWN in 50mmØ INSIDE DIAMETER CONDUIT | H12: 50 | I12: 2 | J12: 60.325 | K12: 59.93 | L12: 55.8 | M12: 51.9938 | N12: 52.81 | O12: 52.66
B13: 150 | C13: W7 | D13: 2#60 sq.mm THHN/THWN and 1#22 sq.mm THNN/THWN in 50mmØ INSIDE DIAMETER CONDUIT | H13: 65 | I13: 2.5 | J13: 73.025 | K13: 72.56 | L13: - | M13: 62.103 | N13: 65.44 | O13: -
B14: 200 | C14: W8 | D14: 2#80 sq.mm THHN/THWN and 1#22 sq.mm THNN/THWN in 50mmØ INSIDE DIAMETER CONDUIT | H14: 80 | I14: 3 | J14: 88.9 | K14: 88.29 | L14: - | M14: 77.2668 | N14: 81.17 | O14: -
B15: 225 | C15: W9 | D15: 2#100 sq.mm THHN/THWN and 1#30 sq.mm THNN/THWN in 65mmØ INSIDE DIAMETER CONDUIT | H15: 90 | I15: 3.5 | J15: 101.6 | K15: 100.86 | L15: - | M15: 89.4334 | N15: 93.74 | O15: -
B16: 250 | C16: W10 | D16: 2#125sq.mm THHN/THWN and 1#30 sq.mm THNN/THWN in 65mmØ INSIDE DIAMETER CONDUIT | H16: 100 | I16: 4 | J16: 114.3 | K16: 113.4 | L16: - | M16: 101.5492 | N16: 106.28 | O16: -
B17: 275 | C17: W11 | D17: 2#150 sq.mm THHN/THWN and 1#30 sq.mm THNN/THWN in 80mmØ INSIDE DIAMETER CONDUIT
B18: 300 | C18: W12 | D18: 2#200 sq.mm THHN/THWN and 1#30 sq.mm THNN/THWN in 80mmØ INSIDE DIAMETER CONDUIT
B19: 400 | C19: W13 | D19: 2#250 sq.mm THHN/THWN and 1#50 sq.mm THNN/THWN in 90mmØ INSIDE DIAMETER CONDUIT
B21: 3 PHASE: 3-WIRE + GROUND : FOR ACCU, EF, PUMP, JF | E21: IMC/EMT | F21: PVC | H21: PERCENT FILL COMPUTATION
B22: 20 | C22: X0 | D22: 4#2.0 mmØ THHN/THWN in 15mmØ INSIDE DIAMETER CONDUIT | H22: CONDUIT
B23: 30 | C23: X1 | D23: 3#5.5 sq.mm THHN/THWN and 1#2.0 mmØ THNN/THWN in 20mmØ INSIDE DIAMETER CONDUIT | H23: Wires | K23: Conduit
B24: 40 | C24: X2 | D24: 3#8.0 sq.mm THHN/THWN and 1#5.5 sq.mm THNN/THWN in 25mmØ INSIDE DIAMETER CONDUIT | H24: Wire Dia | I24: # of Wires | J24: Area | K24: Diameter | L24: Area | M24: %Fill
B25: 50/60 | C25: X3 | D25: 3#14 sq.mm THHN/THWN and 1#8.0 sq.mm THNN/THWN in 25mmØ INSIDE DIAMETER CONDUIT
B26: 70/80 | C26: X4 | D26: 3#22 sq.mm THHN/THWN and 1#8.0 sq.mm THNN/THWN in 32mmØ INSIDE DIAMETER CONDUIT | H26: 3 | I26: 10 | J26: =((H26^2)*PI()/4)*I26 -> 70.685835 | K26: 15 | L26: =(K26^2)*PI()/4 -> 176.71459 | M26: =IF(L26<1,"-",J26/L26*100) -> 40 | N26: =IF(IF(I26>3, 40, VLOOKUP(I26, H29:K31, 4,FALSE))>=M26,"PASS","FAIL") -> PASS
B27: 100 | C27: X5 | D27: 3#30 sq.mm THHN/THWN and 1#8.0 sq.mm THNN/THWN in 32mmØ INSIDE DIAMETER CONDUIT
B28: 125 | C28: X6 | D28: 3#50 sq.mm THHN/THWN and 1#14 sq.mm THNN/THWN in 50mmØ INSIDE DIAMETER CONDUIT | H28: MINIMUM PERCENT FILL
B29: 150 | C29: X7 | D29: 3#60 sq.mm THHN/THWN and 1#22 sq.mm THNN/THWN in 50mmØ INSIDE DIAMETER CONDUIT | H29: 1 | I29: WIRE | K29: 53
B30: 200 | C30: X8 | D30: 3#80 sq.mm THHN/THWN and 1#22 sq.mm THNN/THWN in 50mmØ INSIDE DIAMETER CONDUIT | H30: 2 | I30: WIRES | K30: 31
B31: 225 | C31: X9 | D31: 3#100 sq.mm THHN/THWN and 1#30 sq.mm THNN/THWN in 65mmØ INSIDE DIAMETER CONDUIT | H31: 3 | I31: OR MORE | K31: 40
B32: 250 | C32: X10 | D32: 3#125sq.mm THHN/THWN and 1#30 sq.mm THNN/THWN in 65mmØ INSIDE DIAMETER CONDUIT
B33: 275 | C33: X11 | D33: 3#150 sq.mm THHN/THWN and 1#30 sq.mm THNN/THWN in 80mmØ INSIDE DIAMETER CONDUIT
B34: 300 | C34: X12 | D34: 3#200 sq.mm THHN/THWN and 1#30 sq.mm THNN/THWN in 80mmØ INSIDE DIAMETER CONDUIT
B35: 400 | C35: X13 | D35: 3#250 sq.mm THHN/THWN and 1#50 sq.mm THNN/THWN in 90mmØ INSIDE DIAMETER CONDUIT | H35: PERCENT FILL COMPUTATION
H36: CABLE TRAY
B37: 3 PHASE: 3-WIRE + NEUTRAL + GROUND : FOR MAINS | E37: IMC/EMT | F37: PVC | H37: Wires
B38: 20 | C38: Y0 | D38: 5#2.0 mmØ THHN/THWN in 15mmØ INSIDE DIAMETER CONDUIT | H38: Wire Dia | I38: # of Wires | J38: Ground Dia | K38: Area | L38: Width | M38: Height | N38: Area | O38: %Fill | P38: Status
B39: 30 | C39: Y1 | D39: 4#5.5 sq.mm THHM/THWN and 1#2.0 mmØ THNN/THWN in 20mmØ INSIDE DIAMETER CONDUIT
B40: 40 | C40: Y2 | D40: 4#8.0 sq.mm THHM/THWN and 1#5.5 sq.mm THNN/THWN in 25mmØ INSIDE DIAMETER CONDUIT | H40: 27.9 | I40: 16 | K40: =(((H40^2)*PI()/4)*I40)+((J40^2)*PI()/4) -> 9781.7885 | L40: 400 | M40: 150 | N40: =L40*M40 -> 60000 | O40: =IF(N40<=0,"-",(K40/N40)*100) -> 16.302981 | P40: =IF(O40<=20, "PASS", "FAIL") -> PASS
B41: 50/60 | C41: Y3 | D41: 4#14 sq.mm THHM/THWN and 1#8.0 sq.mm THNN/THWN in 25mmØ INSIDE DIAMETER CONDUIT
B42: 70/80 | C42: Y4 | D42: 4#22 sq.mm THHM/THWN and 1#8.0 sq.mm THNN/THWN in 32mmØ INSIDE DIAMETER CONDUIT
B43: 100 | C43: Y5 | D43: 4#30 sq.mm THHM/THWN and 1#8.0 sq.mm THNN/THWN in 32mmØ INSIDE DIAMETER CONDUIT | H43: WXY-0 | I43: 15mmØ INSIDE DIAMETER CONDUIT
B44: 125 | C44: Y6 | D44: 4#50 sq.mm THHM/THWN and 1#14 sq.mm THNN/THWN in 50mmØ INSIDE DIAMETER CONDUIT | H44: WXY-1 | I44: 20mmØ INSIDE DIAMETER CONDUIT
B45: 150 | C45: Y7 | D45: 4#60 sq.mm THHM/THWN and 1#22 sq.mm THNN/THWN in 50mmØ INSIDE DIAMETER CONDUIT | H45: WXY-2 | I45: 20mmØ INSIDE DIAMETER CONDUIT
B46: 200 | C46: Y8 | D46: 4#80 sq.mm THHM/THWN and 1#22 sq.mm THNN/THWN in 50mmØ INSIDE DIAMETER CONDUIT | H46: WXY-3 | I46: 25mmØ INSIDE DIAMETER CONDUIT
B47: 225 | C47: Y9 | D47: 4#100 sq.mm THHM/THWN and 1#30 sq.mm THNN/THWN in 65mmØ INSIDE DIAMETER CONDUIT | H47: WXY-4 | I47: 32mmØ INSIDE DIAMETER CONDUIT
B48: 250 | C48: Y10 | D48: 4#125sq.mm THHM/THWN and 1#30 sq.mm THNN/THWN in 65mmØ INSIDE DIAMETER CONDUIT | H48: WXY-5 | I48: 32mmØ INSIDE DIAMETER CONDUIT
B49: 275 | C49: Y11 | D49: 4#150 sq.mm THHM/THWN and 1#30 sq.mm THNN/THWN in 80mmØ INSIDE DIAMETER CONDUIT | H49: WXY-6 | I49: 50mmØ INSIDE DIAMETER CONDUIT
B50: 300 | C50: Y12 | D50: 4#200 sq.mm THHM/THWN and 1#30 sq.mm THNN/THWN in 80mmØ INSIDE DIAMETER CONDUIT | H50: WXY-7 | I50: 50mmØ INSIDE DIAMETER CONDUIT
B51: 400 | C51: Y13 | D51: 4#250 sq.mm THHM/THWN and 1#50 sq.mm THNN/THWN in 90mmØ INSIDE DIAMETER CONDUIT | H51: WXY-8 | I51: 50mmØ INSIDE DIAMETER CONDUIT
H52: WXY-9 | I52: 65mmØ INSIDE DIAMETER CONDUIT
B53: 3 PHASE (FIRE-RATED OHLS): 3-WIRE + GROUND : FOR FIRE-LIFE SAFETY LOADS | E53: IMC/EMT | F53: PVC | H53: WXY-10 | I53: 65mmØ INSIDE DIAMETER CONDUIT
B54: 20 | C54: ZX0 | D54: 4#2.0 mmØ 3-HOURS FIRE-RATED CU/MICA/XLPE/LSOH CABLES in 25mmØ INSIDE DIAMETER CONDUIT | H54: WXY-11 | I54: 80mmØ INSIDE DIAMETER CONDUIT
B55: 30 | C55: ZX1 | D55: 3#5.5 sq.mm 3-HOURS FIRE-RATED CU/MICA/XLPE/LSOH CABLES and 1#2.0 mmØ THNN/THWN in 25mmØ ID CONDUIT | H55: WXY-12 | I55: 80mmØ INSIDE DIAMETER CONDUIT
B56: 40 | C56: ZX2 | D56: 3#8.0 sq.mm 3-HOURS FIRE-RATED CU/MICA/XLPE/LSOH CABLES and 1#5.5 sq.mm THNN/THWN in 25mmØ ID CONDUIT | H56: WXY-13 | I56: 90mmØ INSIDE DIAMETER CONDUIT
B57: 50/60 | C57: ZX3 | D57: 3#14 sq.mm 3-HOURS FIRE-RATED CU/MICA/XLPE/LSOH CABLES and 1#8.0 sq.mm THNN/THWN in 25mmØ ID CONDUIT
B58: 70/80 | C58: ZX4 | D58: 3#22 sq.mm 3-HOURS FIRE-RATED CU/MICA/XLPE/LSOH CABLES and 1#8.0 sq.mm THNN/THWN in 32mmØ ID CONDUIT
B59: 100 | C59: ZX5 | D59: 3#30 sq.mm 3-HOURS FIRE-RATED CU/MICA/XLPE/LSOH CABLES and 1#8.0 sq.mm THNN/THWN in 50mmØ ID CONDUIT
B60: 125 | C60: ZX6 | D60: 3#50 sq.mm 3-HOURS FIRE-RATED CU/MICA/XLPE/LSOH CABLES and 1#14 sq.mm THNN/THWN in 50mmØ ID CONDUIT
B61: 150 | C61: ZX7 | D61: 3#60 sq.mm 3-HOURS FIRE-RATED CU/MICA/XLPE/LSOH CABLES and 1#22 sq.mm THNN/THWN in 50mmØ ID CONDUIT
B62: 200 | C62: ZX8 | D62: 3#80 sq.mm 3-HOURS FIRE-RATED CU/MICA/XLPE/LSOH CABLES and 1#22 sq.mm THNN/THWN in 50mmØ ID CONDUIT
B63: 225 | C63: ZX9 | D63: 3#100 sq.mm 3-HOURS FIRE-RATED CU/MICA/XLPE/LSOH CABLES and 1#30 sq.mm THNN/THWN in CABLE TRAY
B64: 250 | C64: ZX10 | D64: 3#125sq.mm 3-HOURS FIRE-RATED CU/MICA/XLPE/LSOH CABLES and 1#30 sq.mm THNN/THWN in CABLE TRAY
B65: 275 | C65: ZX11 | D65: 3#150 sq.mm 3-HOURS FIRE-RATED CU/MICA/XLPE/LSOH CABLES and 1#30 sq.mm THNN/THWN in CABLE TRAY
B66: 300 | C66: ZX12 | D66: 3#200 sq.mm 3-HOURS FIRE-RATED CU/MICA/XLPE/LSOH CABLES and 1#30 sq.mm THNN/THWN in CABLE TRAY
B67: 400 | C67: ZX13 | D67: 3#250 sq.mm 3-HOURS FIRE-RATED CU/MICA/XLPE/LSOH CABLES and 1#50 sq.mm THNN/THWN in CABLE TRAY
B69: 3 PHASE (FIRE-RATED OHLS): 3-WIRE + NEUTRAL + GROUND : FOR FIRE-LIFE SAFETY LOADS | E69: IMC/EMT | F69: PVC
B70: 20 | C70: ZY0 | D70: 5#2.0 mmØ 3-HOURS FIRE-RATED CU/MICA/XLPE/LSOH CABLES in 25mmØ INSIDE DIAMETER CONDUIT
B71: 30 | C71: ZY1 | D71: 4#5.5 sq.mm 3-HOURS FIRE-RATED CU/MICA/XLPE/LSOH CABLES and 1#5.5 sq.mm THNN/THWN in 32mmØ ID CONDUIT
B72: 40 | C72: ZY2 | D72: 4#8.0 sq.mm 3-HOURS FIRE-RATED CU/MICA/XLPE/LSOH CABLES and 1#5.5 sq.mm THNN/THWN in 32mmØ ID CONDUIT
B73: 50/60 | C73: ZY3 | D73: 4#14 sq.mm 3-HOURS FIRE-RATED CU/MICA/XLPE/LSOH CABLES and 1#8.0 sq.mm THNN/THWN in 32mmØ ID CONDUIT
B74: 70/80 | C74: ZY4 | D74: 4#22 sq.mm 3-HOURS FIRE-RATED CU/MICA/XLPE/LSOH CABLES and 1#8.0 sq.mm THNN/THWN in 32mmØ ID CONDUIT
B75: 100 | C75: ZY5 | D75: 4#30 sq.mm 3-HOURS FIRE-RATED CU/MICA/XLPE/LSOH CABLES and 1#8.0 sq.mm THNN/THWN in 50mmØ ID CONDUIT
B76: 125 | C76: ZY6 | D76: 4#50 sq.mm 3-HOURS FIRE-RATED CU/MICA/XLPE/LSOH CABLES and 1#14 sq.mm THNN/THWN in 50mmØ ID CONDUIT
B77: 150 | C77: ZY7 | D77: 4#60 sq.mm 3-HOURS FIRE-RATED CU/MICA/XLPE/LSOH CABLES and 1#22 sq.mm THNN/THWN in 50mmØ ID CONDUIT
B78: 200 | C78: ZY8 | D78: 4#80 sq.mm 3-HOURS FIRE-RATED CU/MICA/XLPE/LSOH CABLES and 1#22 sq.mm THNN/THWN in 50mmØ ID CONDUIT
B79: 225 | C79: ZY9 | D79: 4#100 sq.mm 3-HOURS FIRE-RATED CU/MICA/XLPE/LSOH CABLES and 1#30 sq.mm THNN/THWN in CABLE TRAY
B80: 250 | C80: ZY10 | D80: 4#125sq.mm 3-HOURS FIRE-RATED CU/MICA/XLPE/LSOH CABLES and 1#30 sq.mm THNN/THWN in CABLE TRAY
B81: 275 | C81: ZY11 | D81: 4#150 sq.mm 3-HOURS FIRE-RATED CU/MICA/XLPE/LSOH CABLES and 1#30 sq.mm THNN/THWN in CABLE TRAY
B82: 300 | C82: ZY12 | D82: 4#200 sq.mm 3-HOURS FIRE-RATED CU/MICA/XLPE/LSOH CABLES and 1#30 sq.mm THNN/THWN in CABLE TRAY
B83: 400 | C83: ZY13 | D83: 4#250 sq.mm 3-HOURS FIRE-RATED CU/MICA/XLPE/LSOH CABLES and 1#50 sq.mm THNN/THWN in CABLE TRAY
B85: 3 PHASE (ALUMINUM): 3-WIRE + GROUND : MAINS (SIZE≈2×DIA. OF COPPER) | E85: IMC/EMT | F85: PVC
B86: 125 | C86: AX9 | D86: 3#100sq.mm THHN/THWN and 1#30 sq.mm THHN/THWN in 80mm INSIDE Ø CONDUIT | E86: 80mmØ (INSIDE DIAMETER)
B87: 150 | C87: AX10 | D87: 3#125sq.mm THHN/THWN and 1#50 sq.mm THHN/THWN in 80mm INSIDE Ø CONDUIT | E87: 80mmØ (INSIDE DIAMETER)
B88: 175 | C88: AX11 | D88: 3#150sq.mm THHN/THWN and 1#50 sq.mm THHN/THWN in 90mm INSIDE Ø CONDUIT | E88: 90mmØ (INSIDE DIAMETER)
B89: 200 | C89: AX12 | D89: 3#200sq.mm THHN/THWN and 1#60 sq.mm THHN/THWN in 100mm INSIDE Ø CONDUIT | E89: 100mmØ (INSIDE DIAMETER)
B90: 250 | C90: AX13 | D90: 3#250sq.mm THHN/THWN and 1#80 sq.mm THHN/THWN in 100mm INSIDE Ø CONDUIT | E90: 100mmØ (INSIDE DIAMETER)
B91: 300 | C91: AX14 | D91: 3#325sq.mm THHN/THWN and 1#100 sq.mm THHN/THWN in 100mm INSIDE Ø CONDUIT | E91: 100mmØ (INSIDE DIAMETER)
B92: 400 | C92: 2AX12 | D92: 2 SETS (3#125sq.mm THHN/THWN and 1#30 sq.mm THHN/THWN in 100mm INSIDE Ø CONDUIT) | E92: 2-100mmØ (INSIDE DIAMETER)
B93: 600 | C93: 2AX14 | D93: 3 SETS (3#125sq.mm THHN/THWN and 1#30 sq.mm THHN/THWN in 100mm INSIDE Ø CONDUIT) | E93: 2-100mmØ (INSIDE DIAMETER)
B95: 3 PHASE (ALUMINUM): 3-WIRE + NEUTRAL + GROUND : MAINS (SIZE≈2×DIA. OF COPPER) | E95: IMC/EMT | F95: PVC
B96: 125 | C96: AY9 | D96: 4#100sq.mm THHN/THWN and 1#30 sq.mm THHN/THWN in 80mm INSIDE Ø CONDUIT | E96: 80mmØ (INSIDE DIAMETER)
B97: 150 | C97: AY10 | D97: 4#125sq.mm THHN/THWN and 1#50 sq.mm THHN/THWN in 80mm INSIDE Ø CONDUIT | E97: 80mmØ (INSIDE DIAMETER)
B98: 175 | C98: AY11 | D98: 4#150sq.mm THHN/THWN and 1#50 sq.mm THHN/THWN in 90mm INSIDE Ø CONDUIT | E98: 90mmØ (INSIDE DIAMETER)
B99: 200 | C99: AY12 | D99: 4#200sq.mm THHN/THWN and 1#60 sq.mm THHN/THWN in 100mm INSIDE Ø CONDUIT | E99: 100mmØ (INSIDE DIAMETER)
B100: 250 | C100: AY13 | D100: 4#250sq.mm THHN/THWN and 1#80 sq.mm THHN/THWN in 100mm INSIDE Ø CONDUIT | E100: 100mmØ (INSIDE DIAMETER)
B101: 300 | C101: AY14 | D101: 4#325sq.mm THHN/THWN and 1#100 sq.mm THHN/THWN in 100mm INSIDE Ø CONDUIT | E101: 100mmØ (INSIDE DIAMETER)
B102: 400 | C102: 2AY12 | D102: 2 SETS (4#125sq.mm THHN/THWN and 1#30 sq.mm THHN/THWN in 100mm INSIDE Ø CONDUIT) | E102: 2-100mmØ (INSIDE DIAMETER)
B103: 600 | C103: 2AY13 | D103: 2 SETS (4#125sq.mm THHN/THWN and 1#30 sq.mm THHN/THWN in 100mm INSIDE Ø CONDUIT) | E103: 2-100mmØ (INSIDE DIAMETER)
B105: 1 PHASE (BRANCH CABLE): 2-WIRE + GROUND
B106: 70 | C106: BC-W1 | D106: 2#10 sq.mm Cu PRE-FABRICATED BRANCH CABLE SYSTEM and 1#8.0 sq.mm THHN/THWN GROUND
B107: 80 | C107: BC-W2 | D107: 2#16 sq.mm Cu PRE-FABRICATED BRANCH CABLE SYSTEM and 1#8.0 sq.mm THHN/THWN GROUND
...

Sheet Voltage Drop
B2: Voltage Drop (Vd) = kDI x √(R²+X²) / n | J2: Phase | K2: k | M2: Total VD | N2: =SUM(Table1[Voltage Drop]) -> 6.2581326
B3: Voltage Drop (Vd) = kDI x [R*cos(Ө)+X*sin(Ө)] / n | J3: 1 | K3: 2 | M3: Total % VD | N3: =SUM(Table1[%VD]) -> 0.027209272
J4: 3 | K4: 1.732
B5: k = Constant (2 for single phase, 1.732 for three phase
B6: D = Distance or Length of the conductor (m) | J6: Conduit Type
B7: I = Current in Amperes | J7: PVC
B8: R = Line AC Resistance per 305m | J8: Metal
B9: X = Line AC Reactance per 305m
B10: Ө = cos(pf)
B11: pf = Power Factor, Assumed 85%
B12: n = Number of wire per phase or the number of sets
B16: VD Number | C16: Phase | D16: Column1 | E16: k | F16: D | G16: I | H16: n | I16: Wire Code | J16: Conductor Type | K16: Wire Dia (mm²) | L16: Conduit | M16: R | N16: X | O16: Voltage Drop | P16: %VD
B17: 1 | C17: 3 | D17: 230 | E17: =_xlfn.IFNA(VLOOKUP(Table1[[#This Row],[Phase]],$J$2:$K$4, 2,FALSE), "-") -> 1.732 | F17: 8 | G17: 200 | H17: 1 | I17: X8 | J17: =_xlfn.IFNA(VLOOKUP(Table1[[#This Row],[Wire Code]], 'Table Reference'!$Z$6:$AB$111, 3,FALSE), "-") -> CU | K17: =_xlfn.IFNA(VLOOKUP(VLOOKUP(Table1[[#This Row],[Wire Code]], 'Table Reference'!$Z$6:$AA$111, 2,FALSE), 'Table Reference'!$AD$6:$AE$26, 2, FALSE), "-") -> 80 | L17: Metal | M17: =_xlfn.IFNA(VLOOKUP(Table1[[#This Row],[Wire Dia (mm²)]], 'Table Reference'!$B$7:$K$27, IF(Table1[[#This Row],[Conductor Type]]="CU", IF(Table1[[#This Row],[Conduit]]="PVC", 5, 7), IF(Table1[[#This Row],[Conduit]]="PVC", 8, 10)),FALSE), "-") -> 0.079 | N17: =_xlfn.IFNA(_xlfn.IFS(Table1[[#This Row],[Conduit]]="PVC", VLOOKUP(Table1[[#This Row],[Wire Dia (mm²)]], 'Table Reference'!$B$7:$E$27, 3, FALSE), Table1[[#This Row],[Conduit]]="Metal", VLOOKUP(Table1[[#This Row],[Wire Dia (mm²)]], 'Table Reference'!$B$7:$E$27, 4, FALSE)), "-") -> 0.052 | O17: =IFERROR(Table1[[#This Row],[k]]*Table1[[#This Row],[D]]*Table1[[#This Row],[I]]*(((Table1[[#This Row],[R]]*0.85)/305)+((Table1[[#This Row],[X]]*0.53)/305))/Table1[[#This Row],[n]], "-") -> 0.86052574 | P17: =IFERROR(Table1[[#This Row],[Voltage Drop]]/Table1[[#This Row],[Column1]], "-") -> 0.0037414163
B18: 2 | C18: 1 | D18: 230 | E18: =_xlfn.IFNA(VLOOKUP(Table1[[#This Row],[Phase]],$J$2:$K$4, 2,FALSE), "-") -> 2 | F18: 49.16 | G18: 16 | H18: 1 | I18: W1 | J18: =_xlfn.IFNA(VLOOKUP(Table1[[#This Row],[Wire Code]], 'Table Reference'!$Z$6:$AB$111, 3,FALSE), "-") -> CU | K18: =_xlfn.IFNA(VLOOKUP(VLOOKUP(Table1[[#This Row],[Wire Code]], 'Table Reference'!$Z$6:$AA$111, 2,FALSE), 'Table Reference'!$AD$6:$AE$26, 2, FALSE), "-") -> 5.5 | L18: PVC | M18: =_xlfn.IFNA(VLOOKUP(Table1[[#This Row],[Wire Dia (mm²)]], 'Table Reference'!$B$7:$K$27, IF(Table1[[#This Row],[Conductor Type]]="CU", IF(Table1[[#This Row],[Conduit]]="PVC", 5, 7), IF(Table1[[#This Row],[Conduit]]="PVC", 8, 10)),FALSE), "-") -> 1.2 | N18: =_xlfn.IFNA(_xlfn.IFS(Table1[[#This Row],[Conduit]]="PVC", VLOOKUP(Table1[[#This Row],[Wire Dia (mm²)]], 'Table Reference'!$B$7:$E$27, 3, FALSE), Table1[[#This Row],[Conduit]]="Metal", VLOOKUP(Table1[[#This Row],[Wire Dia (mm²)]], 'Table Reference'!$B$7:$E$27, 4, FALSE)), "-") -> 0.05 | O18: =IFERROR(Table1[[#This Row],[k]]*Table1[[#This Row],[D]]*Table1[[#This Row],[I]]*(((Table1[[#This Row],[R]]*0.85)/305)+((Table1[[#This Row],[X]]*0.53)/305))/Table1[[#This Row],[n]], "-") -> 5.3976068 | P18: =IFERROR(Table1[[#This Row],[Voltage Drop]]/Table1[[#This Row],[Column1]], "-") -> 0.023467856
B19: 3 | E19: =_xlfn.IFNA(VLOOKUP(Table1[[#This Row],[Phase]],$J$2:$K$4, 2,FALSE), "-") -> - | J19: =_xlfn.IFNA(VLOOKUP(Table1[[#This Row],[Wire Code]], 'Table Reference'!$Z$6:$AB$111, 3,FALSE), "-") -> - | K19: =_xlfn.IFNA(VLOOKUP(VLOOKUP(Table1[[#This Row],[Wire Code]], 'Table Reference'!$Z$6:$AA$111, 2,FALSE), 'Table Reference'!$AD$6:$AE$26, 2, FALSE), "-") -> - | M19: =_xlfn.IFNA(VLOOKUP(Table1[[#This Row],[Wire Dia (mm²)]], 'Table Reference'!$B$7:$K$27, IF(Table1[[#This Row],[Conductor Type]]="CU", IF(Table1[[#This Row],[Conduit]]="PVC", 5, 7), IF(Table1[[#This Row],[Conduit]]="PVC", 8, 10)),FALSE), "-") -> - | N19: =_xlfn.IFNA(_xlfn.IFS(Table1[[#This Row],[Conduit]]="PVC", VLOOKUP(Table1[[#This Row],[Wire Dia (mm²)]], 'Table Reference'!$B$7:$E$27, 3, FALSE), Table1[[#This Row],[Conduit]]="Metal", VLOOKUP(Table1[[#This Row],[Wire Dia (mm²)]], 'Table Reference'!$B$7:$E$27, 4, FALSE)), "-") -> - | O19: =IFERROR(Table1[[#This Row],[k]]*Table1[[#This Row],[D]]*Table1[[#This Row],[I]]*(((Table1[[#This Row],[R]]*0.85)/305)+((Table1[[#This Row],[X]]*0.53)/305))/Table1[[#This Row],[n]], "-") -> - | P19: =IFERROR(Table1[[#This Row],[Voltage Drop]]/Table1[[#This Row],[Column1]], "-") -> -
B20: 4 | E20: =_xlfn.IFNA(VLOOKUP(Table1[[#This Row],[Phase]],$J$2:$K$4, 2,FALSE), "-") -> - | J20: =_xlfn.IFNA(VLOOKUP(Table1[[#This Row],[Wire Code]], 'Table Reference'!$Z$6:$AB$111, 3,FALSE), "-") -> - | K20: =_xlfn.IFNA(VLOOKUP(VLOOKUP(Table1[[#This Row],[Wire Code]], 'Table Reference'!$Z$6:$AA$111, 2,FALSE), 'Table Reference'!$AD$6:$AE$26, 2, FALSE), "-") -> - | M20: =_xlfn.IFNA(VLOOKUP(Table1[[#This Row],[Wire Dia (mm²)]], 'Table Reference'!$B$7:$K$27, IF(Table1[[#This Row],[Conductor Type]]="CU", IF(Table1[[#This Row],[Conduit]]="PVC", 5, 7), IF(Table1[[#This Row],[Conduit]]="PVC", 8, 10)),FALSE), "-") -> - | N20: =_xlfn.IFNA(_xlfn.IFS(Table1[[#This Row],[Conduit]]="PVC", VLOOKUP(Table1[[#This Row],[Wire Dia (mm²)]], 'Table Reference'!$B$7:$E$27, 3, FALSE), Table1[[#This Row],[Conduit]]="Metal", VLOOKUP(Table1[[#This Row],[Wire Dia (mm²)]], 'Table Reference'!$B$7:$E$27, 4, FALSE)), "-") -> - | O20: =IFERROR(Table1[[#This Row],[k]]*Table1[[#This Row],[D]]*Table1[[#This Row],[I]]*(((Table1[[#This Row],[R]]*0.85)/305)+((Table1[[#This Row],[X]]*0.53)/305))/Table1[[#This Row],[n]], "-") -> - | P20: =IFERROR(Table1[[#This Row],[Voltage Drop]]/Table1[[#This Row],[Column1]], "-") -> -
B21: 5 | E21: =_xlfn.IFNA(VLOOKUP(Table1[[#This Row],[Phase]],$J$2:$K$4, 2,FALSE), "-") -> - | J21: =_xlfn.IFNA(VLOOKUP(Table1[[#This Row],[Wire Code]], 'Table Reference'!$Z$6:$AB$111, 3,FALSE), "-") -> - | K21: =_xlfn.IFNA(VLOOKUP(VLOOKUP(Table1[[#This Row],[Wire Code]], 'Table Reference'!$Z$6:$AA$111, 2,FALSE), 'Table Reference'!$AD$6:$AE$26, 2, FALSE), "-") -> - | M21: =_xlfn.IFNA(VLOOKUP(Table1[[#This Row],[Wire Dia (mm²)]], 'Table Reference'!$B$7:$K$27, IF(Table1[[#This Row],[Conductor Type]]="CU", IF(Table1[[#This Row],[Conduit]]="PVC", 5, 7), IF(Table1[[#This Row],[Conduit]]="PVC", 8, 10)),FALSE), "-") -> - | N21: =_xlfn.IFNA(_xlfn.IFS(Table1[[#This Row],[Conduit]]="PVC", VLOOKUP(Table1[[#This Row],[Wire Dia (mm²)]], 'Table Reference'!$B$7:$E$27, 3, FALSE), Table1[[#This Row],[Conduit]]="Metal", VLOOKUP(Table1[[#This Row],[Wire Dia (mm²)]], 'Table Reference'!$B$7:$E$27, 4, FALSE)), "-") -> - | O21: =IFERROR(Table1[[#This Row],[k]]*Table1[[#This Row],[D]]*Table1[[#This Row],[I]]*(((Table1[[#This Row],[R]]*0.85)/305)+((Table1[[#This Row],[X]]*0.53)/305))/Table1[[#This Row],[n]], "-") -> - | P21: =IFERROR(Table1[[#This Row],[Voltage Drop]]/Table1[[#This Row],[Column1]], "-") -> -
B22: 6 | E22: =_xlfn.IFNA(VLOOKUP(Table1[[#This Row],[Phase]],$J$2:$K$4, 2,FALSE), "-") -> - | J22: =_xlfn.IFNA(VLOOKUP(Table1[[#This Row],[Wire Code]], 'Table Reference'!$Z$6:$AB$111, 3,FALSE), "-") -> - | K22: =_xlfn.IFNA(VLOOKUP(VLOOKUP(Table1[[#This Row],[Wire Code]], 'Table Reference'!$Z$6:$AA$111, 2,FALSE), 'Table Reference'!$AD$6:$AE$26, 2, FALSE), "-") -> - | M22: =_xlfn.IFNA(VLOOKUP(Table1[[#This Row],[Wire Dia (mm²)]], 'Table Reference'!$B$7:$K$27, IF(Table1[[#This Row],[Conductor Type]]="CU", IF(Table1[[#This Row],[Conduit]]="PVC", 5, 7), IF(Table1[[#This Row],[Conduit]]="PVC", 8, 10)),FALSE), "-") -> - | N22: =_xlfn.IFNA(_xlfn.IFS(Table1[[#This Row],[Conduit]]="PVC", VLOOKUP(Table1[[#This Row],[Wire Dia (mm²)]], 'Table Reference'!$B$7:$E$27, 3, FALSE), Table1[[#This Row],[Conduit]]="Metal", VLOOKUP(Table1[[#This Row],[Wire Dia (mm²)]], 'Table Reference'!$B$7:$E$27, 4, FALSE)), "-") -> - | O22: =IFERROR(Table1[[#This Row],[k]]*Table1[[#This Row],[D]]*Table1[[#This Row],[I]]*(((Table1[[#This Row],[R]]*0.85)/305)+((Table1[[#This Row],[X]]*0.53)/305))/Table1[[#This Row],[n]], "-") -> - | P22: =IFERROR(Table1[[#This Row],[Voltage Drop]]/Table1[[#This Row],[Column1]], "-") -> -
B23: 7 | E23: =_xlfn.IFNA(VLOOKUP(Table1[[#This Row],[Phase]],$J$2:$K$4, 2,FALSE), "-") -> - | J23: =_xlfn.IFNA(VLOOKUP(Table1[[#This Row],[Wire Code]], 'Table Reference'!$Z$6:$AB$111, 3,FALSE), "-") -> - | K23: =_xlfn.IFNA(VLOOKUP(VLOOKUP(Table1[[#This Row],[Wire Code]], 'Table Reference'!$Z$6:$AA$111, 2,FALSE), 'Table Reference'!$AD$6:$AE$26, 2, FALSE), "-") -> - | M23: =_xlfn.IFNA(VLOOKUP(Table1[[#This Row],[Wire Dia (mm²)]], 'Table Reference'!$B$7:$K$27, IF(Table1[[#This Row],[Conductor Type]]="CU", IF(Table1[[#This Row],[Conduit]]="PVC", 5, 7), IF(Table1[[#This Row],[Conduit]]="PVC", 8, 10)),FALSE), "-") -> - | N23: =_xlfn.IFNA(_xlfn.IFS(Table1[[#This Row],[Conduit]]="PVC", VLOOKUP(Table1[[#This Row],[Wire Dia (mm²)]], 'Table Reference'!$B$7:$E$27, 3, FALSE), Table1[[#This Row],[Conduit]]="Metal", VLOOKUP(Table1[[#This Row],[Wire Dia (mm²)]], 'Table Reference'!$B$7:$E$27, 4, FALSE)), "-") -> - | O23: =IFERROR(Table1[[#This Row],[k]]*Table1[[#This Row],[D]]*Table1[[#This Row],[I]]*(((Table1[[#This Row],[R]]*0.85)/305)+((Table1[[#This Row],[X]]*0.53)/305))/Table1[[#This Row],[n]], "-") -> - | P23: =IFERROR(Table1[[#This Row],[Voltage Drop]]/Table1[[#This Row],[Column1]], "-") -> -
B24: 8 | E24: =_xlfn.IFNA(VLOOKUP(Table1[[#This Row],[Phase]],$J$2:$K$4, 2,FALSE), "-") -> - | J24: =_xlfn.IFNA(VLOOKUP(Table1[[#This Row],[Wire Code]], 'Table Reference'!$Z$6:$AB$111, 3,FALSE), "-") -> - | K24: =_xlfn.IFNA(VLOOKUP(VLOOKUP(Table1[[#This Row],[Wire Code]], 'Table Reference'!$Z$6:$AA$111, 2,FALSE), 'Table Reference'!$AD$6:$AE$26, 2, FALSE), "-") -> - | M24: =_xlfn.IFNA(VLOOKUP(Table1[[#This Row],[Wire Dia (mm²)]], 'Table Reference'!$B$7:$K$27, IF(Table1[[#This Row],[Conductor Type]]="CU", IF(Table1[[#This Row],[Conduit]]="PVC", 5, 7), IF(Table1[[#This Row],[Conduit]]="PVC", 8, 10)),FALSE), "-") -> - | N24: =_xlfn.IFNA(_xlfn.IFS(Table1[[#This Row],[Conduit]]="PVC", VLOOKUP(Table1[[#This Row],[Wire Dia (mm²)]], 'Table Reference'!$B$7:$E$27, 3, FALSE), Table1[[#This Row],[Conduit]]="Metal", VLOOKUP(Table1[[#This Row],[Wire Dia (mm²)]], 'Table Reference'!$B$7:$E$27, 4, FALSE)), "-") -> - | O24: =IFERROR(Table1[[#This Row],[k]]*Table1[[#This Row],[D]]*Table1[[#This Row],[I]]*(((Table1[[#This Row],[R]]*0.85)/305)+((Table1[[#This Row],[X]]*0.53)/305))/Table1[[#This Row],[n]], "-") -> - | P24: =IFERROR(Table1[[#This Row],[Voltage Drop]]/Table1[[#This Row],[Column1]], "-") -> -
B25: 9 | E25: =_xlfn.IFNA(VLOOKUP(Table1[[#This Row],[Phase]],$J$2:$K$4, 2,FALSE), "-") -> - | J25: =_xlfn.IFNA(VLOOKUP(Table1[[#This Row],[Wire Code]], 'Table Reference'!$Z$6:$AB$111, 3,FALSE), "-") -> - | K25: =_xlfn.IFNA(VLOOKUP(VLOOKUP(Table1[[#This Row],[Wire Code]], 'Table Reference'!$Z$6:$AA$111, 2,FALSE), 'Table Reference'!$AD$6:$AE$26, 2, FALSE), "-") -> - | M25: =_xlfn.IFNA(VLOOKUP(Table1[[#This Row],[Wire Dia (mm²)]], 'Table Reference'!$B$7:$K$27, IF(Table1[[#This Row],[Conductor Type]]="CU", IF(Table1[[#This Row],[Conduit]]="PVC", 5, 7), IF(Table1[[#This Row],[Conduit]]="PVC", 8, 10)),FALSE), "-") -> - | N25: =_xlfn.IFNA(_xlfn.IFS(Table1[[#This Row],[Conduit]]="PVC", VLOOKUP(Table1[[#This Row],[Wire Dia (mm²)]], 'Table Reference'!$B$7:$E$27, 3, FALSE), Table1[[#This Row],[Conduit]]="Metal", VLOOKUP(Table1[[#This Row],[Wire Dia (mm²)]], 'Table Reference'!$B$7:$E$27, 4, FALSE)), "-") -> - | O25: =IFERROR(Table1[[#This Row],[k]]*Table1[[#This Row],[D]]*Table1[[#This Row],[I]]*(((Table1[[#This Row],[R]]*0.85)/305)+((Table1[[#This Row],[X]]*0.53)/305))/Table1[[#This Row],[n]], "-") -> - | P25: =IFERROR(Table1[[#This Row],[Voltage Drop]]/Table1[[#This Row],[Column1]], "-") -> -
B26: 10 | E26: =_xlfn.IFNA(VLOOKUP(Table1[[#This Row],[Phase]],$J$2:$K$4, 2,FALSE), "-") -> - | J26: =_xlfn.IFNA(VLOOKUP(Table1[[#This Row],[Wire Code]], 'Table Reference'!$Z$6:$AB$111, 3,FALSE), "-") -> - | K26: =_xlfn.IFNA(VLOOKUP(VLOOKUP(Table1[[#This Row],[Wire Code]], 'Table Reference'!$Z$6:$AA$111, 2,FALSE), 'Table Reference'!$AD$6:$AE$26, 2, FALSE), "-") -> - | M26: =_xlfn.IFNA(VLOOKUP(Table1[[#This Row],[Wire Dia (mm²)]], 'Table Reference'!$B$7:$K$27, IF(Table1[[#This Row],[Conductor Type]]="CU", IF(Table1[[#This Row],[Conduit]]="PVC", 5, 7), IF(Table1[[#This Row],[Conduit]]="PVC", 8, 10)),FALSE), "-") -> - | N26: =_xlfn.IFNA(_xlfn.IFS(Table1[[#This Row],[Conduit]]="PVC", VLOOKUP(Table1[[#This Row],[Wire Dia (mm²)]], 'Table Reference'!$B$7:$E$27, 3, FALSE), Table1[[#This Row],[Conduit]]="Metal", VLOOKUP(Table1[[#This Row],[Wire Dia (mm²)]], 'Table Reference'!$B$7:$E$27, 4, FALSE)), "-") -> - | O26: =IFERROR(Table1[[#This Row],[k]]*Table1[[#This Row],[D]]*Table1[[#This Row],[I]]*(((Table1[[#This Row],[R]]*0.85)/305)+((Table1[[#This Row],[X]]*0.53)/305))/Table1[[#This Row],[n]], "-") -> - | P26: =IFERROR(Table1[[#This Row],[Voltage Drop]]/Table1[[#This Row],[Column1]], "-") -> -
B27: 11 | E27: =_xlfn.IFNA(VLOOKUP(Table1[[#This Row],[Phase]],$J$2:$K$4, 2,FALSE), "-") -> - | J27: =_xlfn.IFNA(VLOOKUP(Table1[[#This Row],[Wire Code]], 'Table Reference'!$Z$6:$AB$111, 3,FALSE), "-") -> - | K27: =_xlfn.IFNA(VLOOKUP(VLOOKUP(Table1[[#This Row],[Wire Code]], 'Table Reference'!$Z$6:$AA$111, 2,FALSE), 'Table Reference'!$AD$6:$AE$26, 2, FALSE), "-") -> - | M27: =_xlfn.IFNA(VLOOKUP(Table1[[#This Row],[Wire Dia (mm²)]], 'Table Reference'!$B$7:$K$27, IF(Table1[[#This Row],[Conductor Type]]="CU", IF(Table1[[#This Row],[Conduit]]="PVC", 5, 7), IF(Table1[[#This Row],[Conduit]]="PVC", 8, 10)),FALSE), "-") -> - | N27: =_xlfn.IFNA(_xlfn.IFS(Table1[[#This Row],[Conduit]]="PVC", VLOOKUP(Table1[[#This Row],[Wire Dia (mm²)]], 'Table Reference'!$B$7:$E$27, 3, FALSE), Table1[[#This Row],[Conduit]]="Metal", VLOOKUP(Table1[[#This Row],[Wire Dia (mm²)]], 'Table Reference'!$B$7:$E$27, 4, FALSE)), "-") -> - | O27: =IFERROR(Table1[[#This Row],[k]]*Table1[[#This Row],[D]]*Table1[[#This Row],[I]]*(((Table1[[#This Row],[R]]*0.85)/305)+((Table1[[#This Row],[X]]*0.53)/305))/Table1[[#This Row],[n]], "-") -> - | P27: =IFERROR(Table1[[#This Row],[Voltage Drop]]/Table1[[#This Row],[Column1]], "-") -> -
B28: 12 | E28: =_xlfn.IFNA(VLOOKUP(Table1[[#This Row],[Phase]],$J$2:$K$4, 2,FALSE), "-") -> - | J28: =_xlfn.IFNA(VLOOKUP(Table1[[#This Row],[Wire Code]], 'Table Reference'!$Z$6:$AB$111, 3,FALSE), "-") -> - | K28: =_xlfn.IFNA(VLOOKUP(VLOOKUP(Table1[[#This Row],[Wire Code]], 'Table Reference'!$Z$6:$AA$111, 2,FALSE), 'Table Reference'!$AD$6:$AE$26, 2, FALSE), "-") -> - | M28: =_xlfn.IFNA(VLOOKUP(Table1[[#This Row],[Wire Dia (mm²)]], 'Table Reference'!$B$7:$K$27, IF(Table1[[#This Row],[Conductor Type]]="CU", IF(Table1[[#This Row],[Conduit]]="PVC", 5, 7), IF(Table1[[#This Row],[Conduit]]="PVC", 8, 10)),FALSE), "-") -> - | N28: =_xlfn.IFNA(_xlfn.IFS(Table1[[#This Row],[Conduit]]="PVC", VLOOKUP(Table1[[#This Row],[Wire Dia (mm²)]], 'Table Reference'!$B$7:$E$27, 3, FALSE), Table1[[#This Row],[Conduit]]="Metal", VLOOKUP(Table1[[#This Row],[Wire Dia (mm²)]], 'Table Reference'!$B$7:$E$27, 4, FALSE)), "-") -> - | O28: =IFERROR(Table1[[#This Row],[k]]*Table1[[#This Row],[D]]*Table1[[#This Row],[I]]*(((Table1[[#This Row],[R]]*0.85)/305)+((Table1[[#This Row],[X]]*0.53)/305))/Table1[[#This Row],[n]], "-") -> - | P28: =IFERROR(Table1[[#This Row],[Voltage Drop]]/Table1[[#This Row],[Column1]], "-") -> -
B29: 13 | E29: =_xlfn.IFNA(VLOOKUP(Table1[[#This Row],[Phase]],$J$2:$K$4, 2,FALSE), "-") -> - | J29: =_xlfn.IFNA(VLOOKUP(Table1[[#This Row],[Wire Code]], 'Table Reference'!$Z$6:$AB$111, 3,FALSE), "-") -> - | K29: =_xlfn.IFNA(VLOOKUP(VLOOKUP(Table1[[#This Row],[Wire Code]], 'Table Reference'!$Z$6:$AA$111, 2,FALSE), 'Table Reference'!$AD$6:$AE$26, 2, FALSE), "-") -> - | M29: =_xlfn.IFNA(VLOOKUP(Table1[[#This Row],[Wire Dia (mm²)]], 'Table Reference'!$B$7:$K$27, IF(Table1[[#This Row],[Conductor Type]]="CU", IF(Table1[[#This Row],[Conduit]]="PVC", 5, 7), IF(Table1[[#This Row],[Conduit]]="PVC", 8, 10)),FALSE), "-") -> - | N29: =_xlfn.IFNA(_xlfn.IFS(Table1[[#This Row],[Conduit]]="PVC", VLOOKUP(Table1[[#This Row],[Wire Dia (mm²)]], 'Table Reference'!$B$7:$E$27, 3, FALSE), Table1[[#This Row],[Conduit]]="Metal", VLOOKUP(Table1[[#This Row],[Wire Dia (mm²)]], 'Table Reference'!$B$7:$E$27, 4, FALSE)), "-") -> - | O29: =IFERROR(Table1[[#This Row],[k]]*Table1[[#This Row],[D]]*Table1[[#This Row],[I]]*(((Table1[[#This Row],[R]]*0.85)/305)+((Table1[[#This Row],[X]]*0.53)/305))/Table1[[#This Row],[n]], "-") -> - | P29: =IFERROR(Table1[[#This Row],[Voltage Drop]]/Table1[[#This Row],[Column1]], "-") -> -
B30: 14 | E30: =_xlfn.IFNA(VLOOKUP(Table1[[#This Row],[Phase]],$J$2:$K$4, 2,FALSE), "-") -> - | J30: =_xlfn.IFNA(VLOOKUP(Table1[[#This Row],[Wire Code]], 'Table Reference'!$Z$6:$AB$111, 3,FALSE), "-") -> - | K30: =_xlfn.IFNA(VLOOKUP(VLOOKUP(Table1[[#This Row],[Wire Code]], 'Table Reference'!$Z$6:$AA$111, 2,FALSE), 'Table Reference'!$AD$6:$AE$26, 2, FALSE), "-") -> - | M30: =_xlfn.IFNA(VLOOKUP(Table1[[#This Row],[Wire Dia (mm²)]], 'Table Reference'!$B$7:$K$27, IF(Table1[[#This Row],[Conductor Type]]="CU", IF(Table1[[#This Row],[Conduit]]="PVC", 5, 7), IF(Table1[[#This Row],[Conduit]]="PVC", 8, 10)),FALSE), "-") -> - | N30: =_xlfn.IFNA(_xlfn.IFS(Table1[[#This Row],[Conduit]]="PVC", VLOOKUP(Table1[[#This Row],[Wire Dia (mm²)]], 'Table Reference'!$B$7:$E$27, 3, FALSE), Table1[[#This Row],[Conduit]]="Metal", VLOOKUP(Table1[[#This Row],[Wire Dia (mm²)]], 'Table Reference'!$B$7:$E$27, 4, FALSE)), "-") -> - | O30: =IFERROR(Table1[[#This Row],[k]]*Table1[[#This Row],[D]]*Table1[[#This Row],[I]]*(((Table1[[#This Row],[R]]*0.85)/305)+((Table1[[#This Row],[X]]*0.53)/305))/Table1[[#This Row],[n]], "-") -> - | P30: =IFERROR(Table1[[#This Row],[Voltage Drop]]/Table1[[#This Row],[Column1]], "-") -> -
... B41: 25 | E41: =_xlfn.IFNA(VLOOKUP(Table1[[#This Row],[Phase]],$J$2:$K$4, 2,FALSE), "-") -> - | J41: =_xlfn.IFNA(VLOOKUP(Table1[[#This Row],[Wire Code]], 'Table Reference'!$Z$6:$AB$111, 3,FALSE), "-") -> - | K41: =_xlfn.IFNA(VLOOKUP(VLOOKUP(Table1[[#This Row],[Wire Code]], 'Table Reference'!$Z$6:$AA$111, 2,FALSE), 'Table Reference'!$AD$6:$AE$26, 2, FALSE), "-") -> - | M41: =_xlfn.IFNA(VLOOKUP(Table1[[#This Row],[Wire Dia (mm²)]], 'Table Reference'!$B$7:$K$27, IF(Table1[[#This Row],[Conductor Type]]="CU", IF(Table1[[#This Row],[Conduit]]="PVC", 5, 7), IF(Table1[[#This Row],[Conduit]]="PVC", 8, 10)),FALSE), "-") -> - | N41: =_xlfn.IFNA(_xlfn.IFS(Table1[[#This Row],[Conduit]]="PVC", VLOOKUP(Table1[[#This Row],[Wire Dia (mm²)]], 'Table Reference'!$B$7:$E$27, 3, FALSE), Table1[[#This Row],[Conduit]]="Metal", VLOOKUP(Table1[[#This Row],[Wire Dia (mm²)]], 'Table Reference'!$B$7:$E$27, 4, FALSE)), "-") -> - | O41: =IFERROR(Table1[[#This Row],[k]]*Table1[[#This Row],[D]]*Table1[[#This Row],[I]]*(((Table1[[#This Row],[R]]*0.85)/305)+((Table1[[#This Row],[X]]*0.53)/305))/Table1[[#This Row],[n]], "-") -> - | P41: =IFERROR(Table1[[#This Row],[Voltage Drop]]/Table1[[#This Row],[Column1]], "-") -> -

Sheet Short Circuit Analysis
B2: Short Circuit Calculation
J3: Phase
B4: IFL (3 Phase) = VA/(V*1.732) | K4: V Factor | L4: k | R4: METER | S4: FEET
B5: IFL (1 Phase) = VA/V | J5: 3 | K5: 1.732 | L5: 1.732
B6: M (Transformer) = 100/(Transformer %Z) | J6: 1 | K6: 1 | L6: 2 | R6: 18.12 | S6: =R6*3.28084 -> 59.448821
B7: I(SC) = IFL * M
B8: f = (k*L*I)/C*n*V
B9: M = 1/(1 + f) | R9: FEET | S9: METER
B11: IFL: Full Load Ampere | R11: 95.14 | S11: =R11/3.28084 -> 28.998671
B12: f: Factor at Fault Point | J12: NOTE:
B13: k: 1.732 (3-Phase), 2 (Single Phase) | J13: 3SC = 3 Single Conductors
B14: M: Multiplier at point f | J14: 3CC = 3 Conductor Cable
B15: I(SC): Available Short-Circuit Current at Beginning of Circuit | J15: PVC = Nonmagnetic
B16: L: Length (ft) of Conductor to the Fault | J16: Stl = Steel
B17: C: Constant from Conductor
B18: n: Number of Conductors per Phase
B19: V: Voltage
B20: Reference: Point-to-Point Calculation Procedure from Short Circtui Calculations, Bussmann by Eaton
B24: Fault (Xformer) | C24: KVA | D24: V | E24: Phase | F24: IFL | G24: %Z | H24: M | I24: I(SC)
B26: 0 | C26: 75 | D26: 230 | E26: 3 | F26: =_xlfn.IFNA(_xlfn.IFS(E26=1, (C26*1000)/D26, E26=3, (C26*1000)/(D26*1.732)), "-") -> 188.27191 | G26: 1.1 | H26: =100/G26 -> 90.909091 | I26: =F26*H26 -> 17115.629
B28: Fault # | C28: Phase | D28: k | E28: L | F28: Ref Fault # | G28: I(SC) Old | H28: Wire Code | I28: Con Dia / Amp | J28: Conductor Type | K28: Conductor Type2 | L28: Conduit Type | M28: Cable Rating | N28: C | O28: n | P28: V | Q28: f | R28: M | S28: I(SC) New | U28: NOTES
B29: 1 | C29: 3 | D29: =IF(COUNTIF($J$5:$J$6, C29)>0, VLOOKUP(Table2[[#This Row],[Phase]], $J$5:$L$6, 3,FALSE), "-") -> 1.732 | E29: 26.24672 | G29: =I26 -> 17115.629 | H29: X8 | I29: =_xlfn.IFNA(VLOOKUP(VLOOKUP(Table2[[#This Row],[Wire Code]], 'Table Reference'!$Z$6:$AA$135, 2, FALSE), 'Table Reference'!$AD$6:$AE$38, 2,FALSE), "-") -> 80 | J29: =_xlfn.IFNA(VLOOKUP(Table2[[#This Row],[Wire Code]], 'Table Reference'!$Z$6:$AB$135, 3, FALSE), "-") -> CU | K29: 3SC | L29: Stl | M29: 600V | N29: =_xlfn.IFNA(IF(OR(Table2[[#This Row],[Conductor Type]]="BUS-CU",Table2[[#This Row],[Conductor Type]]="BUS-AL"), VLOOKUP(Table2[[#This Row],[Con Dia / Amp]], 'Table Reference'!$AH$36:$AK$47, IF(Table2[[#This Row],[Conductor Type]]="BUS-CU", 4, 3)), VLOOKUP(Table2[[#This Row],[Con Dia / Amp]],'Table Reference'!$AH$9:$BI$29,MATCH(Table2[[#This Row],[Conductor Type]] & Table2[[#This Row],[Conductor Type2]] & Table2[[#This Row],[Conduit Type]] & Table2[[#This Row],[Cable Rating]],'Table Reference'!$AH$8:$BI$8,0), FALSE)), "-") -> 12844 | O29: 1 | P29: 230 | Q29: =IFERROR((Table2[[#This Row],[k]]*Table2[[#This Row],[L]]*Table2[[#This Row],[I(SC) Old]])/(Table2[[#This Row],[C]]*Table2[[#This Row],[n]]*Table2[[#This Row],[V]]), "-") -> 0.26338294 | R29: =IFERROR(1/(1+Table2[[#This Row],[f]]), "-") -> 0.79152565 | S29: =IFERROR(_xlfn.IFNA(Table2[[#This Row],[I(SC) Old]]*Table2[[#This Row],[M]], "-"), "-") -> 13547.459 | U29: Transformer to Main Panel
B30: 2 | C30: 1 | D30: =IF(COUNTIF($J$5:$J$6, C30)>0, VLOOKUP(Table2[[#This Row],[Phase]], $J$5:$L$6, 3,FALSE), "-") -> 2 | E30: 59.4488 | F30: 1 | G30: =_xlfn.IFNA(IF(VLOOKUP(Table2[[#This Row],[Ref Fault '#]], Table2[#All], 18,FALSE)>0, VLOOKUP(Table2[[#This Row],[Ref Fault '#]], Table2[#All], 18,FALSE), "-"), "-") -> 13547.459 | H30: W4 | I30: =_xlfn.IFNA(VLOOKUP(VLOOKUP(Table2[[#This Row],[Wire Code]], 'Table Reference'!$Z$6:$AA$135, 2, FALSE), 'Table Reference'!$AD$6:$AE$38, 2,FALSE), "-") -> 22 | J30: =_xlfn.IFNA(VLOOKUP(Table2[[#This Row],[Wire Code]], 'Table Reference'!$Z$6:$AB$135, 3, FALSE), "-") -> CU | K30: 3SC | L30: PVC | M30: 600V | N30: =_xlfn.IFNA(IF(OR(Table2[[#This Row],[Conductor Type]]="BUS-CU",Table2[[#This Row],[Conductor Type]]="BUS-AL"), VLOOKUP(Table2[[#This Row],[Con Dia / Amp]], 'Table Reference'!$AH$36:$AK$47, IF(Table2[[#This Row],[Conductor Type]]="BUS-CU", 4, 3)), VLOOKUP(Table2[[#This Row],[Con Dia / Amp]],'Table Reference'!$AH$9:$BI$29,MATCH(Table2[[#This Row],[Conductor Type]] & Table2[[#This Row],[Conductor Type2]] & Table2[[#This Row],[Conduit Type]] & Table2[[#This Row],[Cable Rating]],'Table Reference'!$AH$8:$BI$8,0), FALSE)), "-") -> 3826 | O30: 1 | P30: 230 | Q30: =IFERROR((Table2[[#This Row],[k]]*Table2[[#This Row],[L]]*Table2[[#This Row],[I(SC) Old]])/(Table2[[#This Row],[C]]*Table2[[#This Row],[n]]*Table2[[#This Row],[V]]), "-") -> 1.8304511 | R30: =IFERROR(1/(1+Table2[[#This Row],[f]]), "-") -> 0.35330057 | S30: =IFERROR(_xlfn.IFNA(Table2[[#This Row],[I(SC) Old]]*Table2[[#This Row],[M]], "-"), "-") -> 4786.325 | U30: Main Panel to PB-2
B31: 3 | C31: 1 | D31: =IF(COUNTIF($J$5:$J$6, C31)>0, VLOOKUP(Table2[[#This Row],[Phase]], $J$5:$L$6, 3,FALSE), "-") -> 2 | E31: 5.9056 | F31: 2 | G31: =_xlfn.IFNA(IF(VLOOKUP(Table2[[#This Row],[Ref Fault '#]], Table2[#All], 18,FALSE)>0, VLOOKUP(Table2[[#This Row],[Ref Fault '#]], Table2[#All], 18,FALSE), "-"), "-") -> 4786.325 | H31: W0 | I31: =_xlfn.IFNA(VLOOKUP(VLOOKUP(Table2[[#This Row],[Wire Code]], 'Table Reference'!$Z$6:$AA$135, 2, FALSE), 'Table Reference'!$AD$6:$AE$38, 2,FALSE), "-") -> 3.5 | J31: =_xlfn.IFNA(VLOOKUP(Table2[[#This Row],[Wire Code]], 'Table Reference'!$Z$6:$AB$135, 3, FALSE), "-") -> CU | K31: 3SC | L31: PVC | M31: 600V | N31: =_xlfn.IFNA(IF(OR(Table2[[#This Row],[Conductor Type]]="BUS-CU",Table2[[#This Row],[Conductor Type]]="BUS-AL"), VLOOKUP(Table2[[#This Row],[Con Dia / Amp]], 'Table Reference'!$AH$36:$AK$47, IF(Table2[[#This Row],[Conductor Type]]="BUS-CU", 4, 3)), VLOOKUP(Table2[[#This Row],[Con Dia / Amp]],'Table Reference'!$AH$9:$BI$29,MATCH(Table2[[#This Row],[Conductor Type]] & Table2[[#This Row],[Conductor Type2]] & Table2[[#This Row],[Conduit Type]] & Table2[[#This Row],[Cable Rating]],'Table Reference'!$AH$8:$BI$8,0), FALSE)), "-") -> 617 | O31: 1 | P31: 230 | Q31: =IFERROR((Table2[[#This Row],[k]]*Table2[[#This Row],[L]]*Table2[[#This Row],[I(SC) Old]])/(Table2[[#This Row],[C]]*Table2[[#This Row],[n]]*Table2[[#This Row],[V]]), "-") -> 0.39836687 | R31: =IFERROR(1/(1+Table2[[#This Row],[f]]), "-") -> 0.71511992 | S31: =IFERROR(_xlfn.IFNA(Table2[[#This Row],[I(SC) Old]]*Table2[[#This Row],[M]], "-"), "-") -> 3422.7964 | U31: pb-2 to nearest outlet
B32: 4 | C32: 1 | D32: =IF(COUNTIF($J$5:$J$6, C32)>0, VLOOKUP(Table2[[#This Row],[Phase]], $J$5:$L$6, 3,FALSE), "-") -> 2 | E32: 78.74 | F32: 1 | G32: =_xlfn.IFNA(IF(VLOOKUP(Table2[[#This Row],[Ref Fault '#]], Table2[#All], 18,FALSE)>0, VLOOKUP(Table2[[#This Row],[Ref Fault '#]], Table2[#All], 18,FALSE), "-"), "-") -> 13547.459 | H32: W3 | I32: =_xlfn.IFNA(VLOOKUP(VLOOKUP(Table2[[#This Row],[Wire Code]], 'Table Reference'!$Z$6:$AA$135, 2, FALSE), 'Table Reference'!$AD$6:$AE$38, 2,FALSE), "-") -> 14 | J32: =_xlfn.IFNA(VLOOKUP(Table2[[#This Row],[Wire Code]], 'Table Reference'!$Z$6:$AB$135, 3, FALSE), "-") -> CU | K32: 3SC | L32: PVC | M32: 600V | N32: =_xlfn.IFNA(IF(OR(Table2[[#This Row],[Conductor Type]]="BUS-CU",Table2[[#This Row],[Conductor Type]]="BUS-AL"), VLOOKUP(Table2[[#This Row],[Con Dia / Amp]], 'Table Reference'!$AH$36:$AK$47, IF(Table2[[#This Row],[Conductor Type]]="BUS-CU", 4, 3)), VLOOKUP(Table2[[#This Row],[Con Dia / Amp]],'Table Reference'!$AH$9:$BI$29,MATCH(Table2[[#This Row],[Conductor Type]] & Table2[[#This Row],[Conductor Type2]] & Table2[[#This Row],[Conduit Type]] & Table2[[#This Row],[Cable Rating]],'Table Reference'!$AH$8:$BI$8,0), FALSE)), "-") -> 2430 | O32: 1 | P32: 230 | Q32: =IFERROR((Table2[[#This Row],[k]]*Table2[[#This Row],[L]]*Table2[[#This Row],[I(SC) Old]])/(Table2[[#This Row],[C]]*Table2[[#This Row],[n]]*Table2[[#This Row],[V]]), "-") -> 3.8172371 | R32: =IFERROR(1/(1+Table2[[#This Row],[f]]), "-") -> 0.20758787 | S32: =IFERROR(_xlfn.IFNA(Table2[[#This Row],[I(SC) Old]]*Table2[[#This Row],[M]], "-"), "-") -> 2812.2882 | U32: main to pb-1
B33: 5 | C33: 1 | D33: =IF(COUNTIF($J$5:$J$6, C33)>0, VLOOKUP(Table2[[#This Row],[Phase]], $J$5:$L$6, 3,FALSE), "-") -> 2 | E33: 7 | F33: 4 | G33: =_xlfn.IFNA(IF(VLOOKUP(Table2[[#This Row],[Ref Fault '#]], Table2[#All], 18,FALSE)>0, VLOOKUP(Table2[[#This Row],[Ref Fault '#]], Table2[#All], 18,FALSE), "-"), "-") -> 2812.2882 | H33: W0 | I33: =_xlfn.IFNA(VLOOKUP(VLOOKUP(Table2[[#This Row],[Wire Code]], 'Table Reference'!$Z$6:$AA$135, 2, FALSE), 'Table Reference'!$AD$6:$AE$38, 2,FALSE), "-") -> 3.5 | J33: =_xlfn.IFNA(VLOOKUP(Table2[[#This Row],[Wire Code]], 'Table Reference'!$Z$6:$AB$135, 3, FALSE), "-") -> CU | K33: 3SC | L33: PVC | M33: 600V | N33: =_xlfn.IFNA(IF(OR(Table2[[#This Row],[Conductor Type]]="BUS-CU",Table2[[#This Row],[Conductor Type]]="BUS-AL"), VLOOKUP(Table2[[#This Row],[Con Dia / Amp]], 'Table Reference'!$AH$36:$AK$47, IF(Table2[[#This Row],[Conductor Type]]="BUS-CU", 4, 3)), VLOOKUP(Table2[[#This Row],[Con Dia / Amp]],'Table Reference'!$AH$9:$BI$29,MATCH(Table2[[#This Row],[Conductor Type]] & Table2[[#This Row],[Conductor Type2]] & Table2[[#This Row],[Conduit Type]] & Table2[[#This Row],[Cable Rating]],'Table Reference'!$AH$8:$BI$8,0), FALSE)), "-") -> 617 | O33: 1 | P33: 230 | Q33: =IFERROR((Table2[[#This Row],[k]]*Table2[[#This Row],[L]]*Table2[[#This Row],[I(SC) Old]])/(Table2[[#This Row],[C]]*Table2[[#This Row],[n]]*Table2[[#This Row],[V]]), "-") -> 0.27744369 | R33: =IFERROR(1/(1+Table2[[#This Row],[f]]), "-") -> 0.78281337 | S33: =IFERROR(_xlfn.IFNA(Table2[[#This Row],[I(SC) Old]]*Table2[[#This Row],[M]], "-"), "-") -> 2201.4968 | U33: pb-1 to nearest outlet
B34: 6 | C34: 1 | D34: =IF(COUNTIF($J$5:$J$6, C34)>0, VLOOKUP(Table2[[#This Row],[Phase]], $J$5:$L$6, 3,FALSE), "-") -> 2 | E34: 95.14 | F34: 1 | G34: =_xlfn.IFNA(IF(VLOOKUP(Table2[[#This Row],[Ref Fault '#]], Table2[#All], 18,FALSE)>0, VLOOKUP(Table2[[#This Row],[Ref Fault '#]], Table2[#All], 18,FALSE), "-"), "-") -> 13547.459 | H34: W0 | I34: =_xlfn.IFNA(VLOOKUP(VLOOKUP(Table2[[#This Row],[Wire Code]], 'Table Reference'!$Z$6:$AA$135, 2, FALSE), 'Table Reference'!$AD$6:$AE$38, 2,FALSE), "-") -> 3.5 | J34: =_xlfn.IFNA(VLOOKUP(Table2[[#This Row],[Wire Code]], 'Table Reference'!$Z$6:$AB$135, 3, FALSE), "-") -> CU | K34: 3SC | L34: PVC | M34: 600V | N34: =_xlfn.IFNA(IF(OR(Table2[[#This Row],[Conductor Type]]="BUS-CU",Table2[[#This Row],[Conductor Type]]="BUS-AL"), VLOOKUP(Table2[[#This Row],[Con Dia / Amp]], 'Table Reference'!$AH$36:$AK$47, IF(Table2[[#This Row],[Conductor Type]]="BUS-CU", 4, 3)), VLOOKUP(Table2[[#This Row],[Con Dia / Amp]],'Table Reference'!$AH$9:$BI$29,MATCH(Table2[[#This Row],[Conductor Type]] & Table2[[#This Row],[Conductor Type2]] & Table2[[#This Row],[Conduit Type]] & Table2[[#This Row],[Cable Rating]],'Table Reference'!$AH$8:$BI$8,0), FALSE)), "-") -> 617 | O34: 1 | P34: 230 | Q34: =IFERROR((Table2[[#This Row],[k]]*Table2[[#This Row],[L]]*Table2[[#This Row],[I(SC) Old]])/(Table2[[#This Row],[C]]*Table2[[#This Row],[n]]*Table2[[#This Row],[V]]), "-") -> 18.165108 | R34: =IFERROR(1/(1+Table2[[#This Row],[f]]), "-") -> 0.052178156 | S34: =IFERROR(_xlfn.IFNA(Table2[[#This Row],[I(SC) Old]]*Table2[[#This Row],[M]], "-"), "-") -> 706.88143
B35: 7 | D35: =IF(COUNTIF($J$5:$J$6, C35)>0, VLOOKUP(Table2[[#This Row],[Phase]], $J$5:$L$6, 3,FALSE), "-") -> - | G35: =_xlfn.IFNA(IF(VLOOKUP(Table2[[#This Row],[Ref Fault '#]], Table2[#All], 18,FALSE)>0, VLOOKUP(Table2[[#This Row],[Ref Fault '#]], Table2[#All], 18,FALSE), "-"), "-") -> - | I35: =_xlfn.IFNA(VLOOKUP(VLOOKUP(Table2[[#This Row],[Wire Code]], 'Table Reference'!$Z$6:$AA$135, 2, FALSE), 'Table Reference'!$AD$6:$AE$38, 2,FALSE), "-") -> - | J35: =_xlfn.IFNA(VLOOKUP(Table2[[#This Row],[Wire Code]], 'Table Reference'!$Z$6:$AB$135, 3, FALSE), "-") -> - | N35: =_xlfn.IFNA(IF(OR(Table2[[#This Row],[Conductor Type]]="BUS-CU",Table2[[#This Row],[Conductor Type]]="BUS-AL"), VLOOKUP(Table2[[#This Row],[Con Dia / Amp]], 'Table Reference'!$AH$36:$AK$47, IF(Table2[[#This Row],[Conductor Type]]="BUS-CU", 4, 3)), VLOOKUP(Table2[[#This Row],[Con Dia / Amp]],'Table Reference'!$AH$9:$BI$29,MATCH(Table2[[#This Row],[Conductor Type]] & Table2[[#This Row],[Conductor Type2]] & Table2[[#This Row],[Conduit Type]] & Table2[[#This Row],[Cable Rating]],'Table Reference'!$AH$8:$BI$8,0), FALSE)), "-") -> - | Q35: =IFERROR((Table2[[#This Row],[k]]*Table2[[#This Row],[L]]*Table2[[#This Row],[I(SC) Old]])/(Table2[[#This Row],[C]]*Table2[[#This Row],[n]]*Table2[[#This Row],[V]]), "-") -> - | R35: =IFERROR(1/(1+Table2[[#This Row],[f]]), "-") -> - | S35: =IFERROR(_xlfn.IFNA(Table2[[#This Row],[I(SC) Old]]*Table2[[#This Row],[M]], "-"), "-") -> -
B36: 8 | D36: =IF(COUNTIF($J$5:$J$6, C36)>0, VLOOKUP(Table2[[#This Row],[Phase]], $J$5:$L$6, 3,FALSE), "-") -> - | G36: =_xlfn.IFNA(IF(VLOOKUP(Table2[[#This Row],[Ref Fault '#]], Table2[#All], 18,FALSE)>0, VLOOKUP(Table2[[#This Row],[Ref Fault '#]], Table2[#All], 18,FALSE), "-"), "-") -> - | I36: =_xlfn.IFNA(VLOOKUP(VLOOKUP(Table2[[#This Row],[Wire Code]], 'Table Reference'!$Z$6:$AA$135, 2, FALSE), 'Table Reference'!$AD$6:$AE$38, 2,FALSE), "-") -> - | J36: =_xlfn.IFNA(VLOOKUP(Table2[[#This Row],[Wire Code]], 'Table Reference'!$Z$6:$AB$135, 3, FALSE), "-") -> - | N36: =_xlfn.IFNA(IF(OR(Table2[[#This Row],[Conductor Type]]="BUS-CU",Table2[[#This Row],[Conductor Type]]="BUS-AL"), VLOOKUP(Table2[[#This Row],[Con Dia / Amp]], 'Table Reference'!$AH$36:$AK$47, IF(Table2[[#This Row],[Conductor Type]]="BUS-CU", 4, 3)), VLOOKUP(Table2[[#This Row],[Con Dia / Amp]],'Table Reference'!$AH$9:$BI$29,MATCH(Table2[[#This Row],[Conductor Type]] & Table2[[#This Row],[Conductor Type2]] & Table2[[#This Row],[Conduit Type]] & Table2[[#This Row],[Cable Rating]],'Table Reference'!$AH$8:$BI$8,0), FALSE)), "-") -> - | Q36: =IFERROR((Table2[[#This Row],[k]]*Table2[[#This Row],[L]]*Table2[[#This Row],[I(SC) Old]])/(Table2[[#This Row],[C]]*Table2[[#This Row],[n]]*Table2[[#This Row],[V]]), "-") -> - | R36: =IFERROR(1/(1+Table2[[#This Row],[f]]), "-") -> - | S36: =IFERROR(_xlfn.IFNA(Table2[[#This Row],[I(SC) Old]]*Table2[[#This Row],[M]], "-"), "-") -> -
B37: 9 | D37: =IF(COUNTIF($J$5:$J$6, C37)>0, VLOOKUP(Table2[[#This Row],[Phase]], $J$5:$L$6, 3,FALSE), "-") -> - | G37: =_xlfn.IFNA(IF(VLOOKUP(Table2[[#This Row],[Ref Fault '#]], Table2[#All], 18,FALSE)>0, VLOOKUP(Table2[[#This Row],[Ref Fault '#]], Table2[#All], 18,FALSE), "-"), "-") -> - | I37: =_xlfn.IFNA(VLOOKUP(VLOOKUP(Table2[[#This Row],[Wire Code]], 'Table Reference'!$Z$6:$AA$135, 2, FALSE), 'Table Reference'!$AD$6:$AE$38, 2,FALSE), "-") -> - | J37: =_xlfn.IFNA(VLOOKUP(Table2[[#This Row],[Wire Code]], 'Table Reference'!$Z$6:$AB$135, 3, FALSE), "-") -> - | N37: =_xlfn.IFNA(IF(OR(Table2[[#This Row],[Conductor Type]]="BUS-CU",Table2[[#This Row],[Conductor Type]]="BUS-AL"), VLOOKUP(Table2[[#This Row],[Con Dia / Amp]], 'Table Reference'!$AH$36:$AK$47, IF(Table2[[#This Row],[Conductor Type]]="BUS-CU", 4, 3)), VLOOKUP(Table2[[#This Row],[Con Dia / Amp]],'Table Reference'!$AH$9:$BI$29,MATCH(Table2[[#This Row],[Conductor Type]] & Table2[[#This Row],[Conductor Type2]] & Table2[[#This Row],[Conduit Type]] & Table2[[#This Row],[Cable Rating]],'Table Reference'!$AH$8:$BI$8,0), FALSE)), "-") -> - | Q37: =IFERROR((Table2[[#This Row],[k]]*Table2[[#This Row],[L]]*Table2[[#This Row],[I(SC) Old]])/(Table2[[#This Row],[C]]*Table2[[#This Row],[n]]*Table2[[#This Row],[V]]), "-") -> - | R37: =IFERROR(1/(1+Table2[[#This Row],[f]]), "-") -> - | S37: =IFERROR(_xlfn.IFNA(Table2[[#This Row],[I(SC) Old]]*Table2[[#This Row],[M]], "-"), "-") -> -
B38: 10 | D38: =IF(COUNTIF($J$5:$J$6, C38)>0, VLOOKUP(Table2[[#This Row],[Phase]], $J$5:$L$6, 3,FALSE), "-") -> - | G38: =_xlfn.IFNA(IF(VLOOKUP(Table2[[#This Row],[Ref Fault '#]], Table2[#All], 18,FALSE)>0, VLOOKUP(Table2[[#This Row],[Ref Fault '#]], Table2[#All], 18,FALSE), "-"), "-") -> - | I38: =_xlfn.IFNA(VLOOKUP(VLOOKUP(Table2[[#This Row],[Wire Code]], 'Table Reference'!$Z$6:$AA$135, 2, FALSE), 'Table Reference'!$AD$6:$AE$38, 2,FALSE), "-") -> - | J38: =_xlfn.IFNA(VLOOKUP(Table2[[#This Row],[Wire Code]], 'Table Reference'!$Z$6:$AB$135, 3, FALSE), "-") -> - | N38: =_xlfn.IFNA(IF(OR(Table2[[#This Row],[Conductor Type]]="BUS-CU",Table2[[#This Row],[Conductor Type]]="BUS-AL"), VLOOKUP(Table2[[#This Row],[Con Dia / Amp]], 'Table Reference'!$AH$36:$AK$47, IF(Table2[[#This Row],[Conductor Type]]="BUS-CU", 4, 3)), VLOOKUP(Table2[[#This Row],[Con Dia / Amp]],'Table Reference'!$AH$9:$BI$29,MATCH(Table2[[#This Row],[Conductor Type]] & Table2[[#This Row],[Conductor Type2]] & Table2[[#This Row],[Conduit Type]] & Table2[[#This Row],[Cable Rating]],'Table Reference'!$AH$8:$BI$8,0), FALSE)), "-") -> - | Q38: =IFERROR((Table2[[#This Row],[k]]*Table2[[#This Row],[L]]*Table2[[#This Row],[I(SC) Old]])/(Table2[[#This Row],[C]]*Table2[[#This Row],[n]]*Table2[[#This Row],[V]]), "-") -> - | R38: =IFERROR(1/(1+Table2[[#This Row],[f]]), "-") -> - | S38: =IFERROR(_xlfn.IFNA(Table2[[#This Row],[I(SC) Old]]*Table2[[#This Row],[M]], "-"), "-") -> -
B39: 12 | D39: =IF(COUNTIF($J$5:$J$6, C39)>0, VLOOKUP(Table2[[#This Row],[Phase]], $J$5:$L$6, 3,FALSE), "-") -> - | G39: =_xlfn.IFNA(IF(VLOOKUP(Table2[[#This Row],[Ref Fault '#]], Table2[#All], 18,FALSE)>0, VLOOKUP(Table2[[#This Row],[Ref Fault '#]], Table2[#All], 18,FALSE), "-"), "-") -> - | I39: =_xlfn.IFNA(VLOOKUP(VLOOKUP(Table2[[#This Row],[Wire Code]], 'Table Reference'!$Z$6:$AA$135, 2, FALSE), 'Table Reference'!$AD$6:$AE$38, 2,FALSE), "-") -> - | J39: =_xlfn.IFNA(VLOOKUP(Table2[[#This Row],[Wire Code]], 'Table Reference'!$Z$6:$AB$135, 3, FALSE), "-") -> - | N39: =_xlfn.IFNA(IF(OR(Table2[[#This Row],[Conductor Type]]="BUS-CU",Table2[[#This Row],[Conductor Type]]="BUS-AL"), VLOOKUP(Table2[[#This Row],[Con Dia / Amp]], 'Table Reference'!$AH$36:$AK$47, IF(Table2[[#This Row],[Conductor Type]]="BUS-CU", 4, 3)), VLOOKUP(Table2[[#This Row],[Con Dia / Amp]],'Table Reference'!$AH$9:$BI$29,MATCH(Table2[[#This Row],[Conductor Type]] & Table2[[#This Row],[Conductor Type2]] & Table2[[#This Row],[Conduit Type]] & Table2[[#This Row],[Cable Rating]],'Table Reference'!$AH$8:$BI$8,0), FALSE)), "-") -> - | Q39: =IFERROR((Table2[[#This Row],[k]]*Table2[[#This Row],[L]]*Table2[[#This Row],[I(SC) Old]])/(Table2[[#This Row],[C]]*Table2[[#This Row],[n]]*Table2[[#This Row],[V]]), "-") -> - | R39: =IFERROR(1/(1+Table2[[#This Row],[f]]), "-") -> - | S39: =IFERROR(_xlfn.IFNA(Table2[[#This Row],[I(SC) Old]]*Table2[[#This Row],[M]], "-"), "-") -> -
B40: 13 | D40: =IF(COUNTIF($J$5:$J$6, C40)>0, VLOOKUP(Table2[[#This Row],[Phase]], $J$5:$L$6, 3,FALSE), "-") -> - | G40: =_xlfn.IFNA(IF(VLOOKUP(Table2[[#This Row],[Ref Fault '#]], Table2[#All], 18,FALSE)>0, VLOOKUP(Table2[[#This Row],[Ref Fault '#]], Table2[#All], 18,FALSE), "-"), "-") -> - | I40: =_xlfn.IFNA(VLOOKUP(VLOOKUP(Table2[[#This Row],[Wire Code]], 'Table Reference'!$Z$6:$AA$135, 2, FALSE), 'Table Reference'!$AD$6:$AE$38, 2,FALSE), "-") -> - | J40: =_xlfn.IFNA(VLOOKUP(Table2[[#This Row],[Wire Code]], 'Table Reference'!$Z$6:$AB$135, 3, FALSE), "-") -> - | N40: =_xlfn.IFNA(IF(OR(Table2[[#This Row],[Conductor Type]]="BUS-CU",Table2[[#This Row],[Conductor Type]]="BUS-AL"), VLOOKUP(Table2[[#This Row],[Con Dia / Amp]], 'Table Reference'!$AH$36:$AK$47, IF(Table2[[#This Row],[Conductor Type]]="BUS-CU", 4, 3)), VLOOKUP(Table2[[#This Row],[Con Dia / Amp]],'Table Reference'!$AH$9:$BI$29,MATCH(Table2[[#This Row],[Conductor Type]] & Table2[[#This Row],[Conductor Type2]] & Table2[[#This Row],[Conduit Type]] & Table2[[#This Row],[Cable Rating]],'Table Reference'!$AH$8:$BI$8,0), FALSE)), "-") -> - | Q40: =IFERROR((Table2[[#This Row],[k]]*Table2[[#This Row],[L]]*Table2[[#This Row],[I(SC) Old]])/(Table2[[#This Row],[C]]*Table2[[#This Row],[n]]*Table2[[#This Row],[V]]), "-") -> - | R40: =IFERROR(1/(1+Table2[[#This Row],[f]]), "-") -> - | S40: =IFERROR(_xlfn.IFNA(Table2[[#This Row],[I(SC) Old]]*Table2[[#This Row],[M]], "-"), "-") -> -
B41: 14 | D41: =IF(COUNTIF($J$5:$J$6, C41)>0, VLOOKUP(Table2[[#This Row],[Phase]], $J$5:$L$6, 3,FALSE), "-") -> - | G41: =_xlfn.IFNA(IF(VLOOKUP(Table2[[#This Row],[Ref Fault '#]], Table2[#All], 18,FALSE)>0, VLOOKUP(Table2[[#This Row],[Ref Fault '#]], Table2[#All], 18,FALSE), "-"), "-") -> - | I41: =_xlfn.IFNA(VLOOKUP(VLOOKUP(Table2[[#This Row],[Wire Code]], 'Table Reference'!$Z$6:$AA$135, 2, FALSE), 'Table Reference'!$AD$6:$AE$38, 2,FALSE), "-") -> - | J41: =_xlfn.IFNA(VLOOKUP(Table2[[#This Row],[Wire Code]], 'Table Reference'!$Z$6:$AB$135, 3, FALSE), "-") -> - | N41: =_xlfn.IFNA(IF(OR(Table2[[#This Row],[Conductor Type]]="BUS-CU",Table2[[#This Row],[Conductor Type]]="BUS-AL"), VLOOKUP(Table2[[#This Row],[Con Dia / Amp]], 'Table Reference'!$AH$36:$AK$47, IF(Table2[[#This Row],[Conductor Type]]="BUS-CU", 4, 3)), VLOOKUP(Table2[[#This Row],[Con Dia / Amp]],'Table Reference'!$AH$9:$BI$29,MATCH(Table2[[#This Row],[Conductor Type]] & Table2[[#This Row],[Conductor Type2]] & Table2[[#This Row],[Conduit Type]] & Table2[[#This Row],[Cable Rating]],'Table Reference'!$AH$8:$BI$8,0), FALSE)), "-") -> - | Q41: =IFERROR((Table2[[#This Row],[k]]*Table2[[#This Row],[L]]*Table2[[#This Row],[I(SC) Old]])/(Table2[[#This Row],[C]]*Table2[[#This Row],[n]]*Table2[[#This Row],[V]]), "-") -> - | R41: =IFERROR(1/(1+Table2[[#This Row],[f]]), "-") -> - | S41: =IFERROR(_xlfn.IFNA(Table2[[#This Row],[I(SC) Old]]*Table2[[#This Row],[M]], "-"), "-") -> -
B42: 15 | D42: =IF(COUNTIF($J$5:$J$6, C42)>0, VLOOKUP(Table2[[#This Row],[Phase]], $J$5:$L$6, 3,FALSE), "-") -> - | G42: =_xlfn.IFNA(IF(VLOOKUP(Table2[[#This Row],[Ref Fault '#]], Table2[#All], 18,FALSE)>0, VLOOKUP(Table2[[#This Row],[Ref Fault '#]], Table2[#All], 18,FALSE), "-"), "-") -> - | I42: =_xlfn.IFNA(VLOOKUP(VLOOKUP(Table2[[#This Row],[Wire Code]], 'Table Reference'!$Z$6:$AA$135, 2, FALSE), 'Table Reference'!$AD$6:$AE$38, 2,FALSE), "-") -> - | J42: =_xlfn.IFNA(VLOOKUP(Table2[[#This Row],[Wire Code]], 'Table Reference'!$Z$6:$AB$135, 3, FALSE), "-") -> - | N42: =_xlfn.IFNA(IF(OR(Table2[[#This Row],[Conductor Type]]="BUS-CU",Table2[[#This Row],[Conductor Type]]="BUS-AL"), VLOOKUP(Table2[[#This Row],[Con Dia / Amp]], 'Table Reference'!$AH$36:$AK$47, IF(Table2[[#This Row],[Conductor Type]]="BUS-CU", 4, 3)), VLOOKUP(Table2[[#This Row],[Con Dia / Amp]],'Table Reference'!$AH$9:$BI$29,MATCH(Table2[[#This Row],[Conductor Type]] & Table2[[#This Row],[Conductor Type2]] & Table2[[#This Row],[Conduit Type]] & Table2[[#This Row],[Cable Rating]],'Table Reference'!$AH$8:$BI$8,0), FALSE)), "-") -> - | Q42: =IFERROR((Table2[[#This Row],[k]]*Table2[[#This Row],[L]]*Table2[[#This Row],[I(SC) Old]])/(Table2[[#This Row],[C]]*Table2[[#This Row],[n]]*Table2[[#This Row],[V]]), "-") -> - | R42: =IFERROR(1/(1+Table2[[#This Row],[f]]), "-") -> - | S42: =IFERROR(_xlfn.IFNA(Table2[[#This Row],[I(SC) Old]]*Table2[[#This Row],[M]], "-"), "-") -> -
B43: 16 | D43: =IF(COUNTIF($J$5:$J$6, C43)>0, VLOOKUP(Table2[[#This Row],[Phase]], $J$5:$L$6, 3,FALSE), "-") -> - | G43: =_xlfn.IFNA(IF(VLOOKUP(Table2[[#This Row],[Ref Fault '#]], Table2[#All], 18,FALSE)>0, VLOOKUP(Table2[[#This Row],[Ref Fault '#]], Table2[#All], 18,FALSE), "-"), "-") -> - | I43: =_xlfn.IFNA(VLOOKUP(VLOOKUP(Table2[[#This Row],[Wire Code]], 'Table Reference'!$Z$6:$AA$135, 2, FALSE), 'Table Reference'!$AD$6:$AE$38, 2,FALSE), "-") -> - | J43: =_xlfn.IFNA(VLOOKUP(Table2[[#This Row],[Wire Code]], 'Table Reference'!$Z$6:$AB$135, 3, FALSE), "-") -> - | N43: =_xlfn.IFNA(IF(OR(Table2[[#This Row],[Conductor Type]]="BUS-CU",Table2[[#This Row],[Conductor Type]]="BUS-AL"), VLOOKUP(Table2[[#This Row],[Con Dia / Amp]], 'Table Reference'!$AH$36:$AK$47, IF(Table2[[#This Row],[Conductor Type]]="BUS-CU", 4, 3)), VLOOKUP(Table2[[#This Row],[Con Dia / Amp]],'Table Reference'!$AH$9:$BI$29,MATCH(Table2[[#This Row],[Conductor Type]] & Table2[[#This Row],[Conductor Type2]] & Table2[[#This Row],[Conduit Type]] & Table2[[#This Row],[Cable Rating]],'Table Reference'!$AH$8:$BI$8,0), FALSE)), "-") -> - | Q43: =IFERROR((Table2[[#This Row],[k]]*Table2[[#This Row],[L]]*Table2[[#This Row],[I(SC) Old]])/(Table2[[#This Row],[C]]*Table2[[#This Row],[n]]*Table2[[#This Row],[V]]), "-") -> - | R43: =IFERROR(1/(1+Table2[[#This Row],[f]]), "-") -> - | S43: =IFERROR(_xlfn.IFNA(Table2[[#This Row],[I(SC) Old]]*Table2[[#This Row],[M]], "-"), "-") -> -
B44: 17 | D44: =IF(COUNTIF($J$5:$J$6, C44)>0, VLOOKUP(Table2[[#This Row],[Phase]], $J$5:$L$6, 3,FALSE), "-") -> - | G44: =_xlfn.IFNA(IF(VLOOKUP(Table2[[#This Row],[Ref Fault '#]], Table2[#All], 18,FALSE)>0, VLOOKUP(Table2[[#This Row],[Ref Fault '#]], Table2[#All], 18,FALSE), "-"), "-") -> - | I44: =_xlfn.IFNA(VLOOKUP(VLOOKUP(Table2[[#This Row],[Wire Code]], 'Table Reference'!$Z$6:$AA$135, 2, FALSE), 'Table Reference'!$AD$6:$AE$38, 2,FALSE), "-") -> - | J44: =_xlfn.IFNA(VLOOKUP(Table2[[#This Row],[Wire Code]], 'Table Reference'!$Z$6:$AB$135, 3, FALSE), "-") -> - | N44: =_xlfn.IFNA(IF(OR(Table2[[#This Row],[Conductor Type]]="BUS-CU",Table2[[#This Row],[Conductor Type]]="BUS-AL"), VLOOKUP(Table2[[#This Row],[Con Dia / Amp]], 'Table Reference'!$AH$36:$AK$47, IF(Table2[[#This Row],[Conductor Type]]="BUS-CU", 4, 3)), VLOOKUP(Table2[[#This Row],[Con Dia / Amp]],'Table Reference'!$AH$9:$BI$29,MATCH(Table2[[#This Row],[Conductor Type]] & Table2[[#This Row],[Conductor Type2]] & Table2[[#This Row],[Conduit Type]] & Table2[[#This Row],[Cable Rating]],'Table Reference'!$AH$8:$BI$8,0), FALSE)), "-") -> - | Q44: =IFERROR((Table2[[#This Row],[k]]*Table2[[#This Row],[L]]*Table2[[#This Row],[I(SC) Old]])/(Table2[[#This Row],[C]]*Table2[[#This Row],[n]]*Table2[[#This Row],[V]]), "-") -> - | R44: =IFERROR(1/(1+Table2[[#This Row],[f]]), "-") -> - | S44: =IFERROR(_xlfn.IFNA(Table2[[#This Row],[I(SC) Old]]*Table2[[#This Row],[M]], "-"), "-") -> -
B45: 18 | D45: =IF(COUNTIF($J$5:$J$6, C45)>0, VLOOKUP(Table2[[#This Row],[Phase]], $J$5:$L$6, 3,FALSE), "-") -> - | G45: =_xlfn.IFNA(IF(VLOOKUP(Table2[[#This Row],[Ref Fault '#]], Table2[#All], 18,FALSE)>0, VLOOKUP(Table2[[#This Row],[Ref Fault '#]], Table2[#All], 18,FALSE), "-"), "-") -> - | I45: =_xlfn.IFNA(VLOOKUP(VLOOKUP(Table2[[#This Row],[Wire Code]], 'Table Reference'!$Z$6:$AA$135, 2, FALSE), 'Table Reference'!$AD$6:$AE$38, 2,FALSE), "-") -> - | J45: =_xlfn.IFNA(VLOOKUP(Table2[[#This Row],[Wire Code]], 'Table Reference'!$Z$6:$AB$135, 3, FALSE), "-") -> - | N45: =_xlfn.IFNA(IF(OR(Table2[[#This Row],[Conductor Type]]="BUS-CU",Table2[[#This Row],[Conductor Type]]="BUS-AL"), VLOOKUP(Table2[[#This Row],[Con Dia / Amp]], 'Table Reference'!$AH$36:$AK$47, IF(Table2[[#This Row],[Conductor Type]]="BUS-CU", 4, 3)), VLOOKUP(Table2[[#This Row],[Con Dia / Amp]],'Table Reference'!$AH$9:$BI$29,MATCH(Table2[[#This Row],[Conductor Type]] & Table2[[#This Row],[Conductor Type2]] & Table2[[#This Row],[Conduit Type]] & Table2[[#This Row],[Cable Rating]],'Table Reference'!$AH$8:$BI$8,0), FALSE)), "-") -> - | Q45: =IFERROR((Table2[[#This Row],[k]]*Table2[[#This Row],[L]]*Table2[[#This Row],[I(SC) Old]])/(Table2[[#This Row],[C]]*Table2[[#This Row],[n]]*Table2[[#This Row],[V]]), "-") -> - | R45: =IFERROR(1/(1+Table2[[#This Row],[f]]), "-") -> - | S45: =IFERROR(_xlfn.IFNA(Table2[[#This Row],[I(SC) Old]]*Table2[[#This Row],[M]], "-"), "-") -> -
B46: 19 | D46: =IF(COUNTIF($J$5:$J$6, C46)>0, VLOOKUP(Table2[[#This Row],[Phase]], $J$5:$L$6, 3,FALSE), "-") -> - | G46: =_xlfn.IFNA(IF(VLOOKUP(Table2[[#This Row],[Ref Fault '#]], Table2[#All], 18,FALSE)>0, VLOOKUP(Table2[[#This Row],[Ref Fault '#]], Table2[#All], 18,FALSE), "-"), "-") -> - | I46: =_xlfn.IFNA(VLOOKUP(VLOOKUP(Table2[[#This Row],[Wire Code]], 'Table Reference'!$Z$6:$AA$135, 2, FALSE), 'Table Reference'!$AD$6:$AE$38, 2,FALSE), "-") -> - | J46: =_xlfn.IFNA(VLOOKUP(Table2[[#This Row],[Wire Code]], 'Table Reference'!$Z$6:$AB$135, 3, FALSE), "-") -> - | N46: =_xlfn.IFNA(IF(OR(Table2[[#This Row],[Conductor Type]]="BUS-CU",Table2[[#This Row],[Conductor Type]]="BUS-AL"), VLOOKUP(Table2[[#This Row],[Con Dia / Amp]], 'Table Reference'!$AH$36:$AK$47, IF(Table2[[#This Row],[Conductor Type]]="BUS-CU", 4, 3)), VLOOKUP(Table2[[#This Row],[Con Dia / Amp]],'Table Reference'!$AH$9:$BI$29,MATCH(Table2[[#This Row],[Conductor Type]] & Table2[[#This Row],[Conductor Type2]] & Table2[[#This Row],[Conduit Type]] & Table2[[#This Row],[Cable Rating]],'Table Reference'!$AH$8:$BI$8,0), FALSE)), "-") -> - | Q46: =IFERROR((Table2[[#This Row],[k]]*Table2[[#This Row],[L]]*Table2[[#This Row],[I(SC) Old]])/(Table2[[#This Row],[C]]*Table2[[#This Row],[n]]*Table2[[#This Row],[V]]), "-") -> - | R46: =IFERROR(1/(1+Table2[[#This Row],[f]]), "-") -> - | S46: =IFERROR(_xlfn.IFNA(Table2[[#This Row],[I(SC) Old]]*Table2[[#This Row],[M]], "-"), "-") -> -
... B52: 25 | D52: =IF(COUNTIF($J$5:$J$6, C52)>0, VLOOKUP(Table2[[#This Row],[Phase]], $J$5:$L$6, 3,FALSE), "-") -> - | G52: =_xlfn.IFNA(IF(VLOOKUP(Table2[[#This Row],[Ref Fault '#]], Table2[#All], 18,FALSE)>0, VLOOKUP(Table2[[#This Row],[Ref Fault '#]], Table2[#All], 18,FALSE), "-"), "-") -> - | I52: =_xlfn.IFNA(VLOOKUP(VLOOKUP(Table2[[#This Row],[Wire Code]], 'Table Reference'!$Z$6:$AA$135, 2, FALSE), 'Table Reference'!$AD$6:$AE$38, 2,FALSE), "-") -> - | J52: =_xlfn.IFNA(VLOOKUP(Table2[[#This Row],[Wire Code]], 'Table Reference'!$Z$6:$AB$135, 3, FALSE), "-") -> - | N52: =_xlfn.IFNA(IF(OR(Table2[[#This Row],[Conductor Type]]="BUS-CU",Table2[[#This Row],[Conductor Type]]="BUS-AL"), VLOOKUP(Table2[[#This Row],[Con Dia / Amp]], 'Table Reference'!$AH$36:$AK$47, IF(Table2[[#This Row],[Conductor Type]]="BUS-CU", 4, 3)), VLOOKUP(Table2[[#This Row],[Con Dia / Amp]],'Table Reference'!$AH$9:$BI$29,MATCH(Table2[[#This Row],[Conductor Type]] & Table2[[#This Row],[Conductor Type2]] & Table2[[#This Row],[Conduit Type]] & Table2[[#This Row],[Cable Rating]],'Table Reference'!$AH$8:$BI$8,0), FALSE)), "-") -> - | Q52: =IFERROR((Table2[[#This Row],[k]]*Table2[[#This Row],[L]]*Table2[[#This Row],[I(SC) Old]])/(Table2[[#This Row],[C]]*Table2[[#This Row],[n]]*Table2[[#This Row],[V]]), "-") -> - | R52: =IFERROR(1/(1+Table2[[#This Row],[f]]), "-") -> - | S52: =IFERROR(_xlfn.IFNA(Table2[[#This Row],[I(SC) Old]]*Table2[[#This Row],[M]], "-"), "-") -> -

Sheet Table Reference
B2: AC Resistance and Reactance for 600V Cables, 3-Phase, 60Hz, 75°C - Three (3) Single Conductors in Conduit PEC 2017 TABLE 10.1.1.9 | M2: LOAD SCHEDULE WIRING CODE | AH2: Table 4. “C” Values for Conductors
M3: AT | N3: CODE | O3: SETS | P3: WIRE# | Q3: WIRE DIA | R3: UNIT | S3: TYPE | T3: GRND DIA | U3: UNIT | V3: TYPE | W3: RACEWAY | X3: RACEWAY REF | AH3: Copper | AV3: Aluminum
B4: Conductor Size | D4: Ohms to Neutral per 305m | AJ4: Three Single Conductors | AP4: Three-Conductor Cable | AX4: Three Single Conductors | BD4: Three-Conductor Cable
D5: XL (Reactance) | F5: AC Resitance -Cu | I5: AC Resistance-AL | M5: 1 PHASE: 2-WIRE + GROUND | Z5: WIRE CODE | AA5: CODE | AB5: TYPE | AD5: CODE | AE5: WIRE CORE SIZE | AJ5: Conduit | AP5: Conduit | AX5: Conduit | BD5: Conduit
B6: [mm²] | C6: (mm dia.) | D6: PVC | E6: Steel | F6: PVC | G6: Al | H6: Steel | I6: PVC | J6: Al | K6: Steel | M6: 20 | N6: W0 | P6: 2 | Q6: 2 | R6: mmØ | S6: THHN/THWN | T6: 2 | U6: mmØ | V6: THHN/THWN | W6: 15mmØ | X6: INSIDE DIAMETER | Z6: W0 | AA6: 1 | AB6: CU | AD6: 0 | AE6: 2 | AH6: mm² | AI6: AWG or kcmil | AJ6: Steel | AM6: Nonmagnetic | AP6: Steel | AS6: Nonmagnetic | AV6: mm² | AW6: AWG or kcmil | AX6: Steel | BA6: Nonmagnetic | BD6: Steel | BG6: Nonmagnetic
B7: 2 | C7: 1.6 | D7: 0.058 | E7: 0.073 | F7: 3.1 | G7: 3.1 | H7: 3.1 | I7: - | J7: - | K7: - | M7: 30 | N7: W1 | P7: 2 | Q7: 5.5 | R7: sq.mm | S7: THHN/THWN | T7: 2 | U7: mmØ | V7: THNN/THWN | W7: 20mmØ | X7: INSIDE DIAMETER | Z7: W1 | AA7: 2 | AB7: CU | AD7: 1 | AE7: 3.5 | AJ7: 600V | AK7: 5kV | AL7: 15kV | AM7: 600V | AN7: 5kV | AO7: 15kV | AP7: 600V | AQ7: 5kV | AR7: 15kV | AS7: 600V | AT7: 5kV | AU7: 15kV | AX7: 600V | AY7: 5kV | AZ7: 15kV | BA7: 600V | BB7: 5kV | BC7: 15kV | BD7: 600V | BE7: 5kV | BF7: 15kV | BG7: 600V | BH7: 5kV | BI7: 15kV
B8: 3.5 | C8: 2 | D8: 0.054 | E8: 0.068 | F8: 2 | G8: 2 | H8: 2 | I8: 3.2 | J8: 3.2 | K8: 3.2 | M8: 40 | N8: W2 | P8: 2 | Q8: 8 | R8: sq.mm | S8: THHM/THWN | T8: 5.5 | U8: sq.mm | V8: THNN/THWN | W8: 20mmØ | X8: INSIDE DIAMETER | Z8: W2 | AA8: 3 | AB8: CU | AD8: 2 | AE8: 5.5 | AJ8: CU3SCStl600V | AK8: CU3SCStl5kV | AL8: CU3SCStl15kV | AM8: CU3SCPVC600V | AN8: CU3SCPVC5kV | AO8: CU3SCPVC15kV | AP8: CU3CCStl600V | AQ8: CU3CCStl5kV | AR8: CU3CCStl15kV | AS8: CU3CCPVC600V | AT8: CU3CCPVC5kV | AU8: CU3CCPVC15kV | AX8: AL3SCStl600V | AY8: AL3SCStl5kV | AZ8: AL3SCStl15kV | BA8: AL3SCPVC600V | BB8: AL3SCPVC5kV | BC8: AL3SCPVC15kV | BD8: AL3CCStl600V | BE8: AL3CCStl5kV | BF8: AL3CCStl15kV | BG8: AL3CCPVC600V | BH8: AL3CCPVC5kV | BI8: AL3CCPVC15kV
B9: 5.5 | C9: 2.6 | D9: 0.05 | E9: 0.063 | F9: 1.2 | G9: 1.2 | H9: 1.2 | I9: 2 | J9: 2 | K9: 2 | M9: 50/60 | N9: W3 | P9: 2 | Q9: 14 | R9: sq.mm | S9: THHN/THWN | T9: 8 | U9: sq.mm | V9: THHN/THWN | W9: 25mmØ | X9: INSIDE DIAMETER | Z9: W3 | AA9: 4 | AB9: CU | AD9: 3 | AE9: 8 | AH9: 2 | AI9: 14 | AJ9: 389 | AK9: - | AL9: - | AM9: 389 | AN9: - | AO9: - | AP9: 389 | AQ9: - | AR9: - | AS9: 389 | AT9: - | AU9: - | AV9: 2 | AW9: 14 | AX9: 237 | AY9: - | AZ9: - | BA9: 237 | BB9: - | BC9: - | BD9: 237 | BE9: - | BF9: - | BG9: 237 | BH9: - | BI9: -
B10: 8 | C10: 3.2 | D10: 0.052 | E10: 0.065 | F10: 0.78 | G10: 0.78 | H10: 0.78 | I10: 1.3 | J10: 1.3 | K10: 1.3 | M10: 70/80 | N10: W4 | P10: 2 | Q10: 22 | R10: sq.mm | S10: THHN/THWN | T10: 8 | U10: sq.mm | V10: THHN/THWN | W10: 32mmØ | X10: INSIDE DIAMETER | Z10: W4 | AA10: 5 | AB10: CU | AD10: 4 | AE10: 14 | AH10: 3.5 | AI10: 12 | AJ10: 617 | AK10: - | AL10: - | AM10: 617 | AN10: - | AO10: - | AP10: 617 | AQ10: - | AR10: - | AS10: 617 | AT10: - | AU10: - | AV10: 3.5 | AW10: 12 | AX10: 376 | AY10: - | AZ10: - | BA10: 376 | BB10: - | BC10: - | BD10: 376 | BE10: - | BF10: - | BG10: 376 | BH10: - | BI10: -
B11: 14 | C11: - | D11: 0.051 | E11: 0.064 | F11: 0.49 | G11: 0.49 | H11: 0.49 | I11: 0.81 | J11: 0.81 | K11: 0.81 | M11: 100 | N11: W5 | P11: 2 | Q11: 30 | R11: sq.mm | S11: THHN/THWN | T11: 8 | U11: sq.mm | V11: THNN/THWN | W11: 32mmØ | X11: INSIDE DIAMETER | Z11: W5 | AA11: 6 | AB11: CU | AD11: 5 | AE11: 22 | AH11: 5.5 | AI11: 10 | AJ11: 981 | AK11: - | AL11: - | AM11: 982 | AN11: - | AO11: - | AP11: 982 | AQ11: - | AR11: - | AS11: 982 | AT11: - | AU11: - | AV11: 5.5 | AW11: 10 | AX11: 599 | AY11: - | AZ11: - | BA11: 599 | BB11: - | BC11: - | BD11: 599 | BE11: - | BF11: - | BG11: 599 | BH11: - | BI11: -
B12: 22 | C12: - | D12: 0.048 | E12: 0.06 | F12: 0.31 | G12: 0.31 | H12: 0.31 | I12: 0.51 | J12: 0.51 | K12: 0.51 | M12: 125 | N12: W6 | P12: 2 | Q12: 50 | R12: sq.mm | S12: THHN/THWN | T12: 14 | U12: sq.mm | V12: THNN/THWN | W12: 50mmØ | X12: INSIDE DIAMETER | Z12: W6 | AA12: 8 | AB12: CU | AD12: 6 | AE12: 30 | AH12: 8 | AI12: 8 | AJ12: 1557 | AK12: 1551 | AL12: - | AM12: 1559 | AN12: 1555 | AO12: - | AP12: 1559 | AQ12: 1557 | AR12: - | AS12: 1560 | AT12: 1558 | AU12: - | AV12: 8 | AW12: 8 | AX12: 951 | AY12: 950 | AZ12: - | BA12: 952 | BB12: 951 | BC12: - | BD12: 952 | BE12: 951 | BF12: - | BG12: 952 | BH12: 952 | BI12: -
B13: 30 | C13: - | D13: 0.045 | E13: 0.057 | F13: 0.19 | G13: 0.2 | H13: 0.2 | I13: 0.32 | J13: 0.32 | K13: 0.32 | M13: 150 | N13: W7 | P13: 2 | Q13: 60 | R13: sq.mm | S13: THHN/THWN | T13: 14 | U13: sq.mm | V13: THNN/THWN | W13: 50mmØ | X13: INSIDE DIAMETER | Z13: W7 | AA13: 9 | AB13: CU | AD13: 7 | AE13: 38 | AH13: 14 | AI13: 6 | AJ13: 2425 | AK13: 2406 | AL13: 2389 | AM13: 2430 | AN13: 2418 | AO13: 2407 | AP13: 2431 | AQ13: 2425 | AR13: 2415 | AS13: 2433 | AT13: 2428 | AU13: 2421 | AV13: 14 | AW13: 6 | AX13: 1481 | AY13: 1476 | AZ13: 1472 | BA13: 1482 | BB13: 1479 | BC13: 1476 | BD13: 1482 | BE13: 1480 | BF13: 1478 | BG13: 1482 | BH13: 1481 | BI13: 1479
B14: 38 | C14: - | D14: 0.046 | E14: 0.057 | F14: 0.15 | G14: 0.16 | H14: 0.16 | I14: 0.25 | J14: 0.26 | K14: 0.25 | M14: 200 | N14: W8 | P14: 2 | Q14: 80 | R14: sq.mm | S14: THHN/THWN | T14: 22 | U14: sq.mm | V14: THNN/THWN | W14: 50mmØ | X14: INSIDE DIAMETER | Z14: W8 | AA14: 10 | AB14: CU | AD14: 8 | AE14: 50 | AH14: 22 | AI14: 4 | AJ14: 3806 | AK14: 3751 | AL14: 3696 | AM14: 3826 | AN14: 3789 | AO14: 3753 | AP14: 3830 | AQ14: 3812 | AR14: 3779 | AS14: 3838 | AT14: 3823 | AU14: 3798 | AV14: 22 | AW14: 4 | AX14: 2346 | AY14: 2333 | AZ14: 2319 | BA14: 2350 | BB14: 2342 | BC14: 2333 | BD14: 2351 | BE14: 2347 | BF14: 2339 | BG14: 2353 | BH14: 2350 | BI14: 2344
B15: 50 | C15: - | D15: 0.044 | E15: 0.055 | F15: 0.12 | G15: 0.13 | H15: 0.12 | I15: 0.2 | J15: 0.21 | K15: 0.2 | M15: 225 | N15: W9 | P15: 2 | Q15: 100 | R15: sq.mm | S15: THHN/THWN | T15: 30 | U15: sq.mm | V15: THNN/THWN | W15: 65mmØ | X15: INSIDE DIAMETER | Z15: W9 | AA15: 11 | AB15: CU | AD15: 9 | AE15: 60 | AH15: 26 | AI15: 3 | AJ15: 4774 | AK15: 4674 | AL15: 4577 | AM15: 4811 | AN15: 4745 | AO15: 4679 | AP15: 4820 | AQ15: 4785 | AR15: 4726 | AS15: 4833 | AT15: 4803 | AU15: 4762 | AV15: 26 | AW15: 3 | AX15: 2952 | AY15: 2928 | AZ15: 2904 | BA15: 2961 | BB15: 2945 | BC15: 2929 | BD15: 2963 | BE15: 2955 | BF15: 2941 | BG15: 2966 | BH15: 2959 | BI15: 2949
B16: 60 | C16: - | D16: 0.043 | E16: 0.054 | F16: 0.1 | G16: 0.1 | H16: 0.1 | I16: 0.16 | J16: 0.16 | K16: 0.16 | M16: 250 | N16: W10 | P16: 2 | Q16: 125 | R16: sq.mm | S16: THHN/THWN | T16: 30 | U16: sq.mm | V16: THNN/THWN | W16: 65mmØ | X16: INSIDE DIAMETER | Z16: W10 | AA16: 12 | AB16: CU | AD16: 10 | AE16: 80 | AH16: 30 | AI16: 2 | AJ16: 5907 | AK16: 5736 | AL16: 5574 | AM16: 6044 | AN16: 5926 | AO16: 5809 | AP16: 5989 | AQ16: 5930 | AR16: 5828 | AS16: 6087 | AT16: 6023 | AU16: 5958 | AV16: 30 | AW16: 2 | AX16: 3713 | AY16: 3670 | AZ16: 3626 | BA16: 3730 | BB16: 3702 | BC16: 3673 | BD16: 3734 | BE16: 3719 | BF16: 3693 | BG16: 3740 | BH16: 3725 | BI16: 3709
B17: 80 | C17: - | D17: 0.042 | E17: 0.052 | F17: 0.077 | G17: 0.082 | H17: 0.079 | I17: 0.13 | J17: 0.13 | K17: 0.13 | M17: 275 | N17: W11 | P17: 2 | Q17: 150 | R17: sq.mm | S17: THHN/THWN | T17: 30 | U17: sq.mm | V17: THNN/THWN | W17: 80mmØ | X17: INSIDE DIAMETER | Z17: W11 | AA17: 13 | AB17: CU | AD17: 11 | AE17: 100 | AH17: 38 | AI17: 1 | AJ17: 7293 | AK17: 7029 | AL17: 6759 | AM17: 7493 | AN17: 7307 | AO17: 7109 | AP17: 7454 | AQ17: 7365 | AR17: 7189 | AS17: 7579 | AT17: 7507 | AU17: 7364 | AV17: 38 | AW17: 1 | AX17: 4645 | AY17: 4575 | AZ17: 4498 | BA17: 4678 | BB17: 4632 | BC17: 4580 | BD17: 4686 | BE17: 4664 | BF17: 4618 | BG17: 4699 | BH17: 4682 | BI17: 4646
B18: 100 | C18: - | D18: 0.041 | E18: 0.051 | F18: 0.062 | G18: 0.067 | H18: 0.063 | I18: 0.1 | J18: 0.11 | K18: 0.1 | M18: 300 | N18: W12 | P18: 2 | Q18: 200 | R18: sq.mm | S18: THHN/THWN | T18: 30 | U18: sq.mm | V18: THNN/THWN | W18: 80mmØ | X18: INSIDE DIAMETER | Z18: W12 | AA18: 15 | AB18: CU | AD18: 12 | AE18: 125 | AH18: 50 | AI18: 1/0 | AJ18: 8925 | AK18: 8544 | AL18: 7973 | AM18: 9317 | AN18: 9034 | AO18: 8590 | AP18: 9210 | AQ18: 9086 | AR18: 8708 | AS18: 9473 | AT18: 9373 | AU18: 9053 | AV18: 50 | AW18: 1/0 | AX18: 5777 | AY18: 5670 | AZ18: 5493 | BA18: 5838 | BB18: 5766 | BC18: 5646 | BD18: 5852 | BE18: 5820 | BF18: 5717 | BG18: 5876 | BH18: 5852 | BI18: 5771
B19: 125 | C19: - | D19: 0.041 | E19: 0.052 | F19: 0.052 | G19: 0.057 | H19: 0.054 | I19: 0.085 | J19: 0.09 | K19: 0.086 | M19: 400 | N19: W13 | P19: 2 | Q19: 250 | R19: sq.mm | S19: THHN/THWN | T19: 50 | U19: sq.mm | V19: THNN/THWN | W19: 90mmØ | X19: INSIDE DIAMETER | Z19: W13 | AA19: 16 | AB19: CU | AD19: 13 | AE19: 150 | AH19: 60 | AI19: 2/0 | AJ19: 10755 | AK19: 10062 | AL19: 9390 | AM19: 11424 | AN19: 10878 | AO19: 10319 | AP19: 11245 | AQ19: 11045 | AR19: 10500 | AS19: 11703 | AT19: 11529 | AU19: 11053 | AV19: 60 | AW19: 2/0 | AX19: 7187 | AY19: 6968 | AZ19: 6733 | BA19: 7301 | BB19: 7153 | BC19: 6986 | BD19: 7327 | BE19: 7271 | BF19: 7109 | BG19: 7373 | BH19: 7329 | BI19: 7202
B20: 150 | C20: - | D20: 0.041 | E20: 0.051 | F20: 0.044 | G20: 0.049 | H20: 0.045 | I20: 0.071 | J20: 0.076 | K20: 0.072 | Z20: X0 | AA20: 1 | AB20: CU | AD20: 14 | AE20: 175 | AH20: 80 | AI20: 3/0 | AJ20: 12844 | AK20: 11804 | AL20: 11022 | AM20: 13923 | AN20: 13048 | AO20: 12360 | AP20: 13656 | AQ20: 13333 | AR20: 12613 | AS20: 14410 | AT20: 14119 | AU20: 13462 | AV20: 80 | AW20: 3/0 | AX20: 8826 | AY20: 8467 | AZ20: 8163 | BA20: 9110 | BB20: 8851 | BC20: 8627 | BD20: 9077 | BE20: 8981 | BF20: 8751 | BG20: 9243 | BH20: 9164 | BI20: 8977
B21: 175 | C21: - | D21: 0.04 | E21: 0.05 | F21: 0.038 | G21: 0.043 | H21: 0.039 | I21: 0.061 | J21: 0.066 | K21: 0.063 | M21: 3 PHASE: 3-WIRE + GROUND : FOR ACCU, EF, PUMP, JF | Z21: X1 | AA21: 2 | AB21: CU | AD21: 15 | AE21: 200 | AH21: 100 | AI21: 4/0 | AJ21: 15082 | AK21: 13606 | AL21: 12543 | AM21: 16673 | AN21: 15351 | AO21: 14347 | AP21: 16392 | AQ21: 15890 | AR21: 14813 | AS21: 17483 | AT21: 17020 | AU21: 16013 | AV21: 100 | AW21: 4/0 | AX21: 10741 | AY21: 10167 | AZ21: 9700 | BA21: 11174 | BB21: 10749 | BC21: 10387 | BD21: 11185 | BE21: 11022 | BF21: 10642 | BG21: 11409 | BH21: 11277 | BI21: 10969
B22: 200 | C22: - | D22: 0.04 | E22: 0.049 | F22: 0.033 | G22: 0.038 | H22: 0.035 | I22: 0.054 | J22: 0.059 | K22: 0.055 | M22: 20 | N22: X0 | P22: 3 | Q22: 2 | R22: mmØ | S22: THHN/THWN | T22: 2 | U22: mmØ | V22: THNN/THWN | W22: 15mmØ | X22: INSIDE DIAMETER | Z22: X2 | AA22: 3 | AB22: CU | AD22: 16 | AE22: 250 | AH22: 125 | AI22: 250 | AJ22: 16483 | AK22: 14925 | AL22: 13644 | AM22: 18594 | AN22: 17121 | AO22: 15866 | AP22: 18311 | AQ22: 17851 | AR22: 16466 | AS22: 19779 | AT22: 19352 | AU22: 18001 | AV22: 125 | AW22: 250 | AX22: 12122 | AY22: 11460 | AZ22: 10849 | BA22: 12862 | BB22: 12343 | BC22: 11847 | BD22: 12797 | BE22: 12636 | BF22: 12115 | BG22: 13236 | BH22: 13106 | BI22: 12661
B23: 250 | C23: - | D23: 0.039 | E23: 0.048 | F23: 0.027 | G23: 0.032 | H23: 0.029 | I23: 0.043 | J23: 0.048 | K23: 0.045 | M23: 30 | N23: X1 | P23: 3 | Q23: 5.5 | R23: sq.mm | S23: THHN/THWN | T23: 2 | U23: mmØ | V23: THNN/THWN | W23: 20mmØ | X23: INSIDE DIAMETER | Z23: X3 | AA23: 4 | AB23: CU | AD23: 17 | AE23: 325 | AH23: 150 | AI23: 300 | AJ23: 18177 | AK23: 16293 | AL23: 14769 | AM23: 20868 | AN23: 18975 | AO23: 17409 | AP23: 20617 | AQ23: 20052 | AR23: 18319 | AS23: 22525 | AT23: 21938 | AU23: 20163 | AV23: 150 | AW23: 300 | AX23: 13910 | AY23: 13009 | AZ23: 12193 | BA23: 14923 | BB23: 14183 | BC23: 13492 | BD23: 14917 | BE23: 14698 | BF23: 13973 | BG23: 15495 | BH23: 15300 | BI23: 14659
B24: 325 | C24: - | D24: 0.039 | E24: 0.048 | F24: 0.023 | G24: 0.028 | H24: 0.025 | I24: 0.036 | J24: 0.041 | K24: 0.038 | M24: 40 | N24: X2 | P24: 3 | Q24: 8 | R24: sq.mm | S24: THHN/THWN | T24: 5.5 | U24: sq.mm | V24: THNN/THWN | W24: 25mmØ | X24: INSIDE DIAMETER | Z24: X4 | AA24: 5 | AB24: CU | AD24: 18 | AE24: 375 | AH24: 175 | AI24: 350 | AJ24: 19704 | AK24: 17385 | AL24: 15678 | AM24: 22737 | AN24: 20526 | AO24: 18672 | AP24: 22646 | AQ24: 21914 | AR24: 19821 | AS24: 24904 | AT24: 24126 | AU24: 21982 | AV24: 175 | AW24: 350 | AX24: 15484 | AY24: 14280 | AZ24: 13288 | BA24: 16813 | BB24: 15858 | BC24: 14955 | BD24: 16795 | BE24: 16490 | BF24: 15541 | BG24: 17635 | BH24: 17352 | BI24: 16501
B25: 375 | C25: - | D25: 0.038 | E25: 0.048 | F25: 0.019 | G25: 0.024 | H25: 0.021 | I25: 0.029 | J25: 0.034 | K25: 0.031 | M25: 50/60 | N25: X3 | P25: 3 | Q25: 14 | R25: sq.mm | S25: THHN/THWN | T25: 8 | U25: sq.mm | V25: THNN/THWN | W25: 25mmØ | X25: INSIDE DIAMETER | Z25: X5 | AA25: 6 | AB25: CU | AD25: 19 | AE25: 400 | AH25: 200 | AI25: 400 | AJ25: 20566 | AK25: 18235 | AL25: 16366 | AM25: 24297 | AN25: 21786 | AO25: 19731 | AP25: 24253 | AQ25: 23372 | AR25: 21042 | AS25: 26916 | AT25: 26044 | AU25: 23518 | AV25: 200 | AW25: 400 | AX25: 16671 | AY25: 15355 | AZ25: 14188 | BA25: 18506 | BB25: 17321 | BC25: 16234 | BD25: 18462 | BE25: 18064 | BF25: 16921 | BG25: 19588 | BH25: 19244 | BI25: 18154
B26: 400 | C26: - | D26: 0.038 | E26: 0.048 | F26: 0.019 | G26: 0.024 | H26: 0.021 | I26: 0.029 | J26: 0.034 | K26: 0.031 | M26: 70/80 | N26: X4 | P26: 3 | Q26: 22 | R26: sq.mm | S26: THHN/THWN | T26: 8 | U26: sq.mm | V26: THNN/THWN | W26: 32mmØ | X26: INSIDE DIAMETER | Z26: X6 | AA26: 8 | AB26: CU | AD26: 20 | AE26: 500 | AH26: 250 | AI26: 500 | AJ26: 22185 | AK26: 19172 | AL26: 17492 | AM26: 26706 | AN26: 23277 | AO26: 21330 | AP26: 26980 | AQ26: 25449 | AR26: 23126 | AS26: 30096 | AT26: 28712 | AU26: 25916 | AV26: 250 | AW26: 500 | AX26: 18756 | AY26: 16828 | AZ26: 15657 | BA26: 21391 | BB26: 19503 | BC26: 18315 | BD26: 21395 | BE26: 20607 | BF26: 19314 | BG26: 23018 | BH26: 22381 | BI26: 20978
B27: 500 | C27: - | D27: 0.037 | E27: 0.046 | F27: 0.015 | G27: 0.019 | H27: 0.018 | I27: 0.023 | J27: 0.027 | K27: 0.025 | M27: 100 | N27: X5 | P27: 3 | Q27: 30 | R27: sq.mm | S27: THHN/THWN | T27: 8 | U27: sq.mm | V27: THNN/THWN | W27: 32mmØ | X27: INSIDE DIAMETER | Z27: X7 | AA27: 9 | AB27: CU | AD27: 31 | AE27: 225 | AH27: 300 | AI27: 600 | AJ27: 22965 | AK27: 20567 | AL27: 17962 | AM27: 28033 | AN27: 25204 | AO27: 22097 | AP27: 28752 | AQ27: 27975 | AR27: 24897 | AS27: 32154 | AT27: 31258 | AU27: 27766 | AV27: 300 | AW27: 600 | AX27: 20093 | AY27: 18428 | AZ27: 16484 | BA27: 23451 | BB27: 21718 | BC27: 19635 | BD27: 23633 | BE27: 23196 | BF27: 21349 | BG27: 25708 | BH27: 25244 | BI27: 23295
M28: 125 | N28: X6 | P28: 3 | Q28: 50 | R28: sq.mm | S28: THHN/THWN | T28: 14 | U28: sq.mm | V28: THNN/THWN | W28: 50mmØ | X28: INSIDE DIAMETER | Z28: X8 | AA28: 10 | AB28: CU | AD28: 32 | AE28: 400 | AH28: 375 | AI28: 750 | AJ28: 24137 | AK28: 21387 | AL28: 18889 | AM28: 29735 | AN28: 26453 | AO28: 23408 | AP28: 31051 | AQ28: 30024 | AR28: 26933 | AS28: 34605 | AT28: 33315 | AU28: 29735 | AV28: 375 | AW28: 750 | AX28: 21766 | AY28: 19685 | AZ28: 17686 | BA28: 25976 | BB28: 23702 | BC28: 21437 | BD28: 26432 | BE28: 25790 | BF28: 23750 | BG28: 29036 | BH28: 28262 | BI28: 25976
M29: 150 | N29: X7 | P29: 3 | Q29: 60 | R29: sq.mm | S29: THHN/THWN | T29: 14 | U29: sq.mm | V29: THNN/THWN | W29: 50mmØ | X29: INSIDE DIAMETER | Z29: X9 | AA29: 11 | AB29: CU | AD29: 33 | AE29: 600 | AH29: 500 | AI29: 1000 | AJ29: 25278 | AK29: 22539 | AL29: 19923 | AM29: 31491 | AN29: 28083 | AO29: 24887 | AP29: 33864 | AQ29: 32689 | AR29: 29320 | AS29: 37197 | AT29: 35749 | AU29: 31959 | AV29: 500 | AW29: 1000 | AX29: 23478 | AY29: 21235 | AZ29: 19006 | BA29: 28779 | BB29: 26109 | BC29: 23482 | BD29: 29865 | BE29: 29049 | BF29: 26608 | BG29: 32938 | BH29: 31920 | BI29: 29135
M30: 200 | N30: X8 | P30: 3 | Q30: 80 | R30: sq.mm | S30: THHN/THWN | T30: 22 | U30: sq.mm | V30: THNN/THWN | W30: 50mmØ | X30: INSIDE DIAMETER | Z30: X10 | AA30: 12 | AB30: CU | AD30: 34 | AE30: 800
M31: 225 | N31: X9 | P31: 3 | Q31: 100 | R31: sq.mm | S31: THHN/THWN | T31: 30 | U31: sq.mm | V31: THNN/THWN | W31: 65mmØ | X31: INSIDE DIAMETER | Z31: X11 | AA31: 13 | AB31: CU | AD31: 35 | AE31: 1000
M32: 250 | N32: X10 | P32: 3 | Q32: 125 | R32: sq.mm | S32: THHN/THWN | T32: 30 | U32: sq.mm | V32: THNN/THWN | W32: 65mmØ | X32: INSIDE DIAMETER | Z32: X12 | AA32: 15 | AB32: CU | AD32: 36 | AE32: 1200 | AH32: Table 5. “C” Values for Busway
B33: AWG to mm² | M33: 275 | N33: X11 | P33: 3 | Q33: 150 | R33: sq.mm | S33: THHN/THWN | T33: 30 | U33: sq.mm | V33: THNN/THWN | W33: 80mmØ | X33: INSIDE DIAMETER | Z33: X13 | AA33: 16 | AB33: CU | AD33: 37 | AE33: 1350 | AI33: Busway
M34: 300 | N34: X12 | P34: 3 | Q34: 200 | R34: sq.mm | S34: THHN/THWN | T34: 30 | U34: sq.mm | V34: THNN/THWN | W34: 80mmØ | X34: INSIDE DIAMETER | Z34: Y0 | AA34: 1 | AB34: CU | AD34: 38 | AE34: 1600 | AH34: Ampacity | AI34: Plug-In | AJ34: Feeder | AL34: High Impedance
B35: AWG/ (kcmil) | C35: mm² | D35: mm dia | M35: 400 | N35: X13 | P35: 3 | Q35: 250 | R35: sq.mm | S35: THHN/THWN | T35: 50 | U35: sq.mm | V35: THNN/THWN | W35: 90mmØ | X35: INSIDE DIAMETER | Z35: Y1 | AA35: 2 | AB35: CU | AD35: 39 | AE35: 2000 | AI35: Copper | AJ35: Aluminum | AK35: Copper | AL35: Aluminum | AM35: Copper
Z36: Y2 | AA36: 3 | AB36: CU | AD36: 40 | AE36: 2500 | AH36: 225 | AI36: 28700 | AJ36: 23000 | AK36: 18700 | AL36: 12000 | AM36: —
B37: 18 | C37: 0.75 | D37: 1 | M37: 3 PHASE: 3-WIRE + NEUTRAL + GROUND : FOR MAINS | Z37: Y3 | AA37: 4 | AB37: CU | AD37: 41 | AE37: 3000 | AH37: 400 | AI37: 38900 | AJ37: 34700 | AK37: 23900 | AL37: 21300 | AM37: —
B38: 16 | C38: 1.25 | D38: 1.2 | M38: 20 | N38: Y0 | P38: 4 | Q38: 2 | R38: mmØ | S38: THHN/THWN | T38: 2 | U38: mmØ | V38: THNN/THWN | W38: 15mmØ | X38: INSIDE DIAMETER | Z38: Y4 | AA38: 5 | AB38: CU | AD38: 42 | AE38: 4000 | AH38: 600 | AI38: 41000 | AJ38: 38300 | AK38: 36500 | AL38: 31300 | AM38: —
B39: 14 | C39: 2 | D39: 1.6 | M39: 30 | N39: Y1 | P39: 4 | Q39: 5.5 | R39: sq.mm | S39: THHM/THWN | T39: 2 | U39: mmØ | V39: THNN/THWN | W39: 20mmØ | X39: INSIDE DIAMETER | Z39: Y5 | AA39: 6 | AB39: CU | AH39: 800 | AI39: 46100 | AJ39: 57500 | AK39: 49300 | AL39: 44100 | AM39: —
B40: 12 | C40: 3.5 | D40: 2 | M40: 40 | N40: Y2 | P40: 4 | Q40: 8 | R40: sq.mm | S40: THHM/THWN | T40: 5.5 | U40: sq.mm | V40: THNN/THWN | W40: 25mmØ | X40: INSIDE DIAMETER | Z40: Y6 | AA40: 8 | AB40: CU | AH40: 1000 | AI40: 69400 | AJ40: 89300 | AK40: 62900 | AL40: 56200 | AM40: 15600
B41: 10 | C41: 5.5 | D41: 2.6 | M41: 50/60 | N41: Y3 | P41: 4 | Q41: 14 | R41: sq.mm | S41: THHM/THWN | T41: 8 | U41: sq.mm | V41: THNN/THWN | W41: 25mmØ | X41: INSIDE DIAMETER | Z41: Y7 | AA41: 9 | AB41: CU | AH41: 1200 | AI41: 94300 | AJ41: 97100 | AK41: 76900 | AL41: 69900 | AM41: 16100
B42: 8 | C42: 8 | D42: 3.2 | M42: 70/80 | N42: Y4 | P42: 4 | Q42: 22 | R42: sq.mm | S42: THHM/THWN | T42: 8 | U42: sq.mm | V42: THNN/THWN | W42: 32mmØ | X42: INSIDE DIAMETER | Z42: Y8 | AA42: 10 | AB42: CU | AH42: 1350 | AI42: 119000 | AJ42: 104200 | AK42: 90100 | AL42: 84000 | AM42: 17500
B43: 6 | C43: 14 | M43: 100 | N43: Y5 | P43: 4 | Q43: 30 | R43: sq.mm | S43: THHM/THWN | T43: 8 | U43: sq.mm | V43: THNN/THWN | W43: 32mmØ | X43: INSIDE DIAMETER | Z43: Y9 | AA43: 11 | AB43: CU | AD43: Cable Type | AH43: 1600 | AI43: 129900 | AJ43: 120500 | AK43: 101000 | AL43: 90900 | AM43: 19200
B44: 4 | C44: 22 | M44: 125 | N44: Y6 | P44: 4 | Q44: 50 | R44: sq.mm | S44: THHM/THWN | T44: 14 | U44: sq.mm | V44: THNN/THWN | W44: 50mmØ | X44: INSIDE DIAMETER | Z44: Y10 | AA44: 12 | AB44: CU | AD44: 3 Single Conductors | AE44: 3SC | AH44: 2000 | AI44: 142900 | AJ44: 135100 | AK44: 134200 | AL44: 125000 | AM44: 20400
B45: 3 | C45: 26 | M45: 150 | N45: Y7 | P45: 4 | Q45: 60 | R45: sq.mm | S45: THHM/THWN | T45: 14 | U45: sq.mm | V45: THNN/THWN | W45: 50mmØ | X45: INSIDE DIAMETER | Z45: Y11 | AA45: 13 | AB45: CU | AD45: 3 Conductor Cable | AE45: 3CC | AH45: 2500 | AI45: 143800 | AJ45: 156300 | AK45: 180500 | AL45: 166700 | AM45: 21700
B46: 2 | C46: 30 | M46: 200 | N46: Y8 | P46: 4 | Q46: 80 | R46: sq.mm | S46: THHM/THWN | T46: 22 | U46: sq.mm | V46: THNN/THWN | W46: 50mmØ | X46: INSIDE DIAMETER | Z46: Y12 | AA46: 15 | AB46: CU | AD46: Busduct | AE46: - | AH46: 3000 | AI46: 144900 | AJ46: 175400 | AK46: 204100 | AL46: 188700 | AM46: 23800
B47: 1 | C47: 38 | M47: 225 | N47: Y9 | P47: 4 | Q47: 100 | R47: sq.mm | S47: THHM/THWN | T47: 30 | U47: sq.mm | V47: THNN/THWN | W47: 65mmØ | X47: INSIDE DIAMETER | Z47: Y13 | AA47: 16 | AB47: CU | AH47: 4000 | AI47: — | AJ47: — | AK47: 277800 | AL47: 256400 | AM47: —
B48: 1/0 | C48: 50 | M48: 250 | N48: Y10 | P48: 4 | Q48: 125 | R48: sq.mm | S48: THHM/THWN | T48: 30 | U48: sq.mm | V48: THNN/THWN | W48: 65mmØ | X48: INSIDE DIAMETER | Z48: ZX0 | AA48: 1 | AB48: CU | AD48: Conduit Type
B49: 2/0 | C49: 60 | M49: 275 | N49: Y11 | P49: 4 | Q49: 150 | R49: sq.mm | S49: THHM/THWN | T49: 30 | U49: sq.mm | V49: THNN/THWN | W49: 80mmØ | X49: INSIDE DIAMETER | Z49: ZX1 | AA49: 2 | AB49: CU | AD49: Steel | AE49: Stl
B50: 3/0 | C50: 80 | M50: 300 | N50: Y12 | P50: 4 | Q50: 200 | R50: sq.mm | S50: THHM/THWN | T50: 30 | U50: sq.mm | V50: THNN/THWN | W50: 80mmØ | X50: INSIDE DIAMETER | Z50: ZX2 | AA50: 3 | AB50: CU | AD50: Nonmagnetic | AE50: PVC
B51: 4/0 | C51: 100 | M51: 400 | N51: Y13 | P51: 4 | Q51: 250 | R51: sq.mm | S51: THHM/THWN | T51: 50 | U51: sq.mm | V51: THNN/THWN | W51: 90mmØ | X51: INSIDE DIAMETER | Z51: ZX3 | AA51: 4 | AB51: CU | AD51: N/A | AE51: -
B52: 250 | C52: 125 | Z52: ZX4 | AA52: 5 | AB52: CU
B53: 300 | C53: 150 | M53: 3 PHASE (FIRE-RATED OHLS): 3-WIRE + GROUND : FOR FIRE-LIFE SAFETY LOADS | Z53: ZX5 | AA53: 6 | AB53: CU | AD53: Wire Voltage Rating
B54: 350 | C54: 175 | M54: 20 | N54: ZX0 | P54: 3 | Q54: 2 | R54: mmØ | S54: 3-HOURS FIRE-RATED CU/MICA/XLPE/LSOH CABLES | T54: 2 | U54: mmØ | V54: THNN/THWN | W54: 25mmØ | X54: INSIDE DIAMETER | Z54: ZX6 | AA54: 8 | AB54: CU | AD54: 600V
B55: 400 | C55: 200 | M55: 30 | N55: ZX1 | P55: 3 | Q55: 5.5 | R55: sq.mm | S55: 3-HOURS FIRE-RATED CU/MICA/XLPE/LSOH CABLES | T55: 2 | U55: mmØ | V55: THNN/THWN | W55: 25mmØ | X55: INSIDE DIAMETER | Z55: ZX7 | AA55: 9 | AB55: CU | AD55: 5kV
B56: 500 | C56: 250 | M56: 40 | N56: ZX2 | P56: 3 | Q56: 8 | R56: sq.mm | S56: 3-HOURS FIRE-RATED CU/MICA/XLPE/LSOH CABLES | T56: 5.5 | U56: sq.mm | V56: THNN/THWN | W56: 25mmØ | X56: INSIDE DIAMETER | Z56: ZX8 | AA56: 10 | AB56: CU | AD56: 15kV
B57: 600 | C57: 300 | M57: 50/60 | N57: ZX3 | P57: 3 | Q57: 14 | R57: sq.mm | S57: 3-HOURS FIRE-RATED CU/MICA/XLPE/LSOH CABLES | T57: 8 | U57: sq.mm | V57: THNN/THWN | W57: 25mmØ | X57: INSIDE DIAMETER | Z57: ZX9 | AA57: 11 | AB57: CU | AD57: -
B58: 700 | C58: 450 | M58: 70/80 | N58: ZX4 | P58: 3 | Q58: 22 | R58: sq.mm | S58: 3-HOURS FIRE-RATED CU/MICA/XLPE/LSOH CABLES | T58: 8 | U58: sq.mm | V58: THNN/THWN | W58: 32mmØ | X58: INSIDE DIAMETER | Z58: ZX10 | AA58: 12 | AB58: CU
B59: 750 | C59: 375 | M59: 100 | N59: ZX5 | P59: 3 | Q59: 30 | R59: sq.mm | S59: 3-HOURS FIRE-RATED CU/MICA/XLPE/LSOH CABLES | T59: 8 | U59: sq.mm | V59: THNN/THWN | W59: 50mmØ | X59: INSIDE DIAMETER | Z59: ZX11 | AA59: 13 | AB59: CU
B60: 800 | C60: 400 | M60: 125 | N60: ZX6 | P60: 3 | Q60: 50 | R60: sq.mm | S60: 3-HOURS FIRE-RATED CU/MICA/XLPE/LSOH CABLES | T60: 14 | U60: sq.mm | V60: THNN/THWN | W60: 50mmØ | X60: INSIDE DIAMETER | Z60: ZX12 | AA60: 15 | AB60: CU
B61: 900 | C61: 450 | M61: 150 | N61: ZX7 | P61: 3 | Q61: 60 | R61: sq.mm | S61: 3-HOURS FIRE-RATED CU/MICA/XLPE/LSOH CABLES | T61: 14 | U61: sq.mm | V61: THNN/THWN | W61: 50mmØ | X61: INSIDE DIAMETER | Z61: ZX13 | AA61: 16 | AB61: CU
B62: 1000 | C62: 500 | M62: 200 | N62: ZX8 | P62: 3 | Q62: 80 | R62: sq.mm | S62: 3-HOURS FIRE-RATED CU/MICA/XLPE/LSOH CABLES | T62: 22 | U62: sq.mm | V62: THNN/THWN | W62: 50mmØ | X62: INSIDE DIAMETER | Z62: ZY0 | AA62: 1 | AB62: CU
B63: 1250 | C63: 625 | M63: 225 | N63: ZX9 | P63: 3 | Q63: 100 | R63: sq.mm | S63: 3-HOURS FIRE-RATED CU/MICA/XLPE/LSOH CABLES | T63: 30 | U63: sq.mm | V63: THNN/THWN | W63: TRAY | Z63: ZY1 | AA63: 2 | AB63: CU
B64: 1500 | C64: 750 | M64: 250 | N64: ZX10 | P64: 3 | Q64: 125 | R64: sq.mm | S64: 3-HOURS FIRE-RATED CU/MICA/XLPE/LSOH CABLES | T64: 30 | U64: sq.mm | V64: THNN/THWN | W64: TRAY | Z64: ZY2 | AA64: 3 | AB64: CU
B65: 1750 | C65: 875 | M65: 275 | N65: ZX11 | P65: 3 | Q65: 150 | R65: sq.mm | S65: 3-HOURS FIRE-RATED CU/MICA/XLPE/LSOH CABLES | T65: 30 | U65: sq.mm | V65: THNN/THWN | W65: TRAY | Z65: ZY3 | AA65: 4 | AB65: CU
B66: 2000 | C66: 1000 | M66: 300 | N66: ZX12 | P66: 3 | Q66: 200 | R66: sq.mm | S66: 3-HOURS FIRE-RATED CU/MICA/XLPE/LSOH CABLES | T66: 30 | U66: sq.mm | V66: THNN/THWN | W66: TRAY | Z66: ZY4 | AA66: 5 | AB66: CU
M67: 400 | N67: ZX13 | P67: 3 | Q67: 250 | R67: sq.mm | S67: 3-HOURS FIRE-RATED CU/MICA/XLPE/LSOH CABLES | T67: 50 | U67: sq.mm | V67: THNN/THWN | W67: TRAY | Z67: ZY5 | AA67: 6 | AB67: CU
Z68: ZY6 | AA68: 8 | AB68: CU
M69: 3 PHASE (FIRE-RATED OHLS): 3-WIRE + NEUTRAL + GROUND : FOR FIRE-LIFE SAFETY LOADS | Z69: ZY7 | AA69: 9 | AB69: CU
M70: 20 | N70: ZY0 | P70: 4 | Q70: 2 | R70: mmØ | S70: 3-HOURS FIRE-RATED CU/MICA/XLPE/LSOH CABLES | T70: 2 | U70: mmØ | V70: THNN/THWN | W70: 25mmØ | X70: INSIDE DIAMETER | Z70: ZY8 | AA70: 10 | AB70: CU
M71: 30 | N71: ZY1 | P71: 4 | Q71: 5.5 | R71: sq.mm | S71: 3-HOURS FIRE-RATED CU/MICA/XLPE/LSOH CABLES | T71: 5.5 | U71: sq.mm | V71: THNN/THWN | W71: 32mmØ | X71: INSIDE DIAMETER | Z71: ZY9 | AA71: 11 | AB71: CU
M72: 40 | N72: ZY2 | P72: 4 | Q72: 8 | R72: sq.mm | S72: 3-HOURS FIRE-RATED CU/MICA/XLPE/LSOH CABLES | T72: 5.5 | U72: sq.mm | V72: THNN/THWN | W72: 32mmØ | X72: INSIDE DIAMETER | Z72: ZY10 | AA72: 12 | AB72: CU
M73: 50/60 | N73: ZY3 | P73: 4 | Q73: 14 | R73: sq.mm | S73: 3-HOURS FIRE-RATED CU/MICA/XLPE/LSOH CABLES | T73: 8 | U73: sq.mm | V73: THNN/THWN | W73: 32mmØ | X73: INSIDE DIAMETER | Z73: ZY11 | AA73: 13 | AB73: CU
M74: 70/80 | N74: ZY4 | P74: 4 | Q74: 22 | R74: sq.mm | S74: 3-HOURS FIRE-RATED CU/MICA/XLPE/LSOH CABLES | T74: 8 | U74: sq.mm | V74: THNN/THWN | W74: 32mmØ | X74: INSIDE DIAMETER | Z74: ZY12 | AA74: 15 | AB74: CU
M75: 100 | N75: ZY5 | P75: 4 | Q75: 30 | R75: sq.mm | S75: 3-HOURS FIRE-RATED CU/MICA/XLPE/LSOH CABLES | T75: 8 | U75: sq.mm | V75: THNN/THWN | W75: 50mmØ | X75: INSIDE DIAMETER | Z75: ZY13 | AA75: 16 | AB75: CU
M76: 125 | N76: ZY6 | P76: 4 | Q76: 50 | R76: sq.mm | S76: 3-HOURS FIRE-RATED CU/MICA/XLPE/LSOH CABLES | T76: 14 | U76: sq.mm | V76: THNN/THWN | W76: 50mmØ | X76: INSIDE DIAMETER | Z76: AX9 | AA76: 11 | AB76: AL
M77: 150 | N77: ZY7 | P77: 4 | Q77: 60 | R77: sq.mm | S77: 3-HOURS FIRE-RATED CU/MICA/XLPE/LSOH CABLES | T77: 14 | U77: sq.mm | V77: THNN/THWN | W77: 50mmØ | X77: INSIDE DIAMETER | Z77: AX10 | AA77: 12 | AB77: AL
M78: 200 | N78: ZY8 | P78: 4 | Q78: 80 | R78: sq.mm | S78: 3-HOURS FIRE-RATED CU/MICA/XLPE/LSOH CABLES | T78: 22 | U78: sq.mm | V78: THNN/THWN | W78: 50mmØ | X78: INSIDE DIAMETER | Z78: AX11 | AA78: 13 | AB78: AL
M79: 225 | N79: ZY9 | P79: 4 | Q79: 100 | R79: sq.mm | S79: 3-HOURS FIRE-RATED CU/MICA/XLPE/LSOH CABLES | T79: 30 | U79: sq.mm | V79: THNN/THWN | W79: TRAY | Z79: AX12 | AA79: 15 | AB79: AL
M80: 250 | N80: ZY10 | P80: 4 | Q80: 125 | R80: sq.mm | S80: 3-HOURS FIRE-RATED CU/MICA/XLPE/LSOH CABLES | T80: 30 | U80: sq.mm | V80: THNN/THWN | W80: TRAY | Z80: AX13 | AA80: 16 | AB80: AL
M81: 275 | N81: ZY11 | P81: 4 | Q81: 150 | R81: sq.mm | S81: 3-HOURS FIRE-RATED CU/MICA/XLPE/LSOH CABLES | T81: 30 | U81: sq.mm | V81: THNN/THWN | W81: TRAY | Z81: AX14 | AA81: 17 | AB81: AL
M82: 300 | N82: ZY12 | P82: 4 | Q82: 200 | R82: sq.mm | S82: 3-HOURS FIRE-RATED CU/MICA/XLPE/LSOH CABLES | T82: 30 | U82: sq.mm | V82: THNN/THWN | W82: TRAY | Z82: 2AX12 | AA82: 15 | AB82: AL
M83: 400 | N83: ZY13 | P83: 4 | Q83: 250 | R83: sq.mm | S83: 3-HOURS FIRE-RATED CU/MICA/XLPE/LSOH CABLES | T83: 50 | U83: sq.mm | V83: THNN/THWN | W83: TRAY | Z83: 2AX14 | AA83: 17 | AB83: AL
Z84: AY9 | AA84: 11 | AB84: AL
M85: 3 PHASE (ALUMINUM): 3-WIRE + GROUND : MAINS (SIZE≈2×DIA. OF COPPER) | Z85: AY10 | AA85: 12 | AB85: AL
M86: 125 | N86: AX9 | P86: 3 | Q86: 100 | R86: sq.mm | S86: THHN/THWN | T86: 30 | U86: sq.mm | V86: THHN/THWN | W86: 80mm | X86: INSIDE DIAMETER | Z86: AY11 | AA86: 13 | AB86: AL
M87: 150 | N87: AX10 | P87: 3 | Q87: 125 | R87: sq.mm | S87: THHN/THWN | T87: 50 | U87: sq.mm | V87: THHN/THWN | W87: 80mm | X87: INSIDE DIAMETER | Z87: AY12 | AA87: 15 | AB87: AL
M88: 175 | N88: AX11 | P88: 3 | Q88: 150 | R88: sq.mm | S88: THHN/THWN | T88: 50 | U88: sq.mm | V88: THHN/THWN | W88: 90mm | X88: INSIDE DIAMETER | Z88: AY13 | AA88: 16 | AB88: AL
M89: 200 | N89: AX12 | P89: 3 | Q89: 200 | R89: sq.mm | S89: THHN/THWN | T89: 60 | U89: sq.mm | V89: THHN/THWN | W89: 100mm | X89: INSIDE DIAMETER | Z89: AY14 | AA89: 17 | AB89: AL
M90: 250 | N90: AX13 | P90: 3 | Q90: 250 | R90: sq.mm | S90: THHN/THWN | T90: 80 | U90: sq.mm | V90: THHN/THWN | W90: 100mm | X90: INSIDE DIAMETER | Z90: 2AY12 | AA90: 15 | AB90: AL
M91: 300 | N91: AX14 | P91: 3 | Q91: 325 | R91: sq.mm | S91: THHN/THWN | T91: 100 | U91: sq.mm | V91: THHN/THWN | W91: 100mm | X91: INSIDE DIAMETER | Z91: 2AY13 | AA91: 17 | AB91: AL
M92: 400 | N92: 2AX12 | O92: 2 | P92: 3 | Q92: 125 | R92: sq.mm | S92: THHN/THWN | T92: 30 | U92: sq.mm | V92: THHN/THWN | W92: 100mm | X92: INSIDE DIAMETER | Z92: BC-W1 | AA92: 3 | AB92: CU
M93: 600 | N93: 2AX14 | O93: 3 | P93: 3 | Q93: 125 | R93: sq.mm | S93: THHN/THWN | T93: 30 | U93: sq.mm | V93: THHN/THWN | W93: 100mm | X93: INSIDE DIAMETER | Z93: BC-W2 | AA93: 4 | AB93: CU
Z94: BC-W3 | AA94: 5 | AB94: CU
M95: 3 PHASE (ALUMINUM): 3-WIRE + NEUTRAL + GROUND : MAINS (SIZE≈2×DIA. OF COPPER) | Z95: BC-W4 | AA95: 6 | AB95: CU
M96: 125 | N96: AY9 | P96: 4 | Q96: 100 | R96: sq.mm | S96: THHN/THWN | T96: 30 | U96: sq.mm | V96: THHN/THWN | W96: 80mm | X96: INSIDE DIAMETER | Z96: BC-W5 | AA96: 8 | AB96: CU
M97: 150 | N97: AY10 | P97: 4 | Q97: 125 | R97: sq.mm | S97: THHN/THWN | T97: 50 | U97: sq.mm | V97: THHN/THWN | W97: 80mm | X97: INSIDE DIAMETER | Z97: BC-W6 | AA97: 9 | AB97: CU
M98: 175 | N98: AY11 | P98: 4 | Q98: 150 | R98: sq.mm | S98: THHN/THWN | T98: 50 | U98: sq.mm | V98: THHN/THWN | W98: 90mm | X98: INSIDE DIAMETER | Z98: BC-W7 | AA98: 10 | AB98: CU
M99: 200 | N99: AY12 | P99: 4 | Q99: 200 | R99: sq.mm | S99: THHN/THWN | T99: 60 | U99: sq.mm | V99: THHN/THWN | W99: 100mm | X99: INSIDE DIAMETER | Z99: BC-W8 | AA99: 11 | AB99: CU
M100: 250 | N100: AY13 | P100: 4 | Q100: 250 | R100: sq.mm | S100: THHN/THWN | T100: 80 | U100: sq.mm | V100: THHN/THWN | W100: 100mm | X100: INSIDE DIAMETER | Z100: BC-W9 | AA100: 12 | AB100: CU
M101: 300 | N101: AY14 | P101: 4 | Q101: 325 | R101: sq.mm | S101: THHN/THWN | T101: 100 | U101: sq.mm | V101: THHN/THWN | W101: 100mm | X101: INSIDE DIAMETER | Z101: BC-W10 | AA101: 13 | AB101: CU
...

Sheet Tests
B3: AWG to mm²
B5: AWG | C5: mm² | D5: mm dia
B6: - | C6: =IF(B6=_xlfn.XLOOKUP(B6, 'Table Reference'!#REF!, 'Table Reference'!#REF!, "-",0), VLOOKUP(B6, 'Table Reference'!#REF!, 2,FALSE), "-") -> #REF! | D6: =IF(COUNTIF('Table Reference'!#REF!, C6) > 0, VLOOKUP(C6, 'Table Reference'!#REF!, 2,FALSE), "-") -> #REF! | G6: or Conduit Conduit
G7: kcmil Steel Nonmagnetic Steel Nonmagnetic
G8: 600V 5kV 15kV 600V 5kV 15kV 600V 5kV 15kV 600V 5kV 15kV
G9: 14 389 - - 389 - - 389 - - 389 - -
G10: 12 617 - - 617 - - 617 - - 617 - -
G11: 10 981 - - 982 - - 982 - - 982 - -
G12: 8 1557 1551 - 1559 1555 - 1559 1557 - 1560 1558 -
G13: 6 2425 2406 2389 2430 2418 2407 2431 2425 2415 2433 2428 2421
G14: 4 3806 3751 3696 3826 3789 3753 3830 3812 3779 3838 3823 3798
G15: 3 4774 4674 4577 4811 4745 4679 4820 4785 4726 4833 4803 4762
G16: 2 5907 5736 5574 6044 5926 5809 5989 5930 5828 6087 6023 5958
G17: 1 7293 7029 6759 7493 7307 7109 7454 7365 7189 7579 7507 7364
G18: 1/0 8925 8544 7973 9317 9034 8590 9210 9086 8708 9473 9373 9053
... G36: 4 2346 2333 2319 2350 2342 2333 2351 2347 2339 2353 2350 2344
G37: 3 2952 2928 2904 2961 2945 2929 2963 2955 2941 2966 2959 2949 | Q37: =_xlfn.IFNA(IF(R23<=INDEX(Q15:T17, MATCH(Q23,S15:S17,0), 1), "Pass", "Fail"), "-") -> -
G38: 2 3713 3670 3626 3730 3702 3673 3734 3719 3693 3740 3725 3709
G39: 1 4645 4575 4498 4678 4632 4580 4686 4664 4618 4699 4682 4646
G40: 1/0 5777 5670 5493 5838 5766 5646 5852 5820 5717 5876 5852 5771
G41: 2/0 7187 6968 6733 7301 7153 6986 7327 7271 7109 7373 7329 7202
G42: 3/0 8826 8467 8163 9110 8851 8627 9077 8981 8751 9243 9164 8977
G43: 4/0 10741 10167 9700 11174 10749 10387 11185 11022 10642 11409 11277 10969
G44: 250 12122 11460 10849 12862 12343 11847 12797 12636 12115 13236 13106 12661
G45: 300 13910 13009 12193 14923 14183 13492 14917 14698 13973 15495 15300 14659
G46: 350 15484 14280 13288 16813 15858 14955 16795 16490 15541 17635 17352 16501
G47: 400 16671 15355 14188 18506 17321 16234 18462 18064 16921 19588 19244 18154
G48: 500 18756 16828 15657 21391 19503 18315 21395 20607 19314 23018 22381 20978
G49: 600 20093 18428 16484 23451 21718 19635 23633 23196 21349 25708 25244 23295
... G74: 4000 — — 277800 256400 —
